rider,stage,position,gap,stage_time
GANNA Filippo,21,1,0,1036
CAMPENAERTS Victor,21,2,32,1068
DENNIS Rohan,21,3,32,1068
ALMEIDA João,21,4,41,1077
SCOTSON Miles,21,5,41,1077
ČERNÝ Josef,21,6,44,1080
HAGA Chad,21,7,44,1080
MCNULTY Brandon,21,8,46,1082
GRADEK Kamil,21,9,47,1083
TRATNIK Jan,21,10,47,1083
KELDERMAN Wilco,21,11,55,1091
TUSVELD Martijn,21,12,58,1094
GEOGHEGAN HART Tao,21,13,58,1094
DE GENDT Thomas,21,14,63,1099
BODNAR Maciej,21,15,64,1100
ROSSKOPF Joey,21,16,65,1101
DOWSETT Alex,21,17,66,1102
SOBRERO Matteo,21,18,68,1104
POZZOVIVO Domenico,21,19,70,1106
BRÄNDLE Matthias,21,20,71,1107
PARET-PEINTRE Aurélien,21,21,73,1109
HONORÉ Mikkel Frølich,21,22,74,1110
FELLINE Fabio,21,23,74,1110
BILBAO Pello,21,24,76,1112
O'CONNOR Ben,21,25,78,1114
ULISSI Diego,21,26,78,1114
BJERG Mikkel,21,27,79,1115
SWIFT Ben,21,28,83,1119
PUCCIO Salvatore,21,29,86,1122
NIBALI Vincenzo,21,30,87,1123
FUGLSANG Jakob,21,31,88,1124
BALLERINI Davide,21,32,90,1126
MASNADA Fausto,21,33,91,1127
VENDRAME Andrea,21,34,92,1128
OOMEN Sam,21,35,94,1130
KONRAD Patrick,21,36,95,1131
MEINTJES Louis,21,37,96,1132
HINDLEY Jai,21,38,97,1133
DÉMARE Arnaud,21,39,98,1134
WARBASSE Larry,21,40,98,1134
VALTER Attila,21,41,99,1135
KONOVALOVAS Ignatas,21,42,101,1137
RODRÍGUEZ Óscar,21,43,103,1139
BOUCHARD Geoffrey,21,44,103,1139
ZAKARIN Ilnur,21,45,107,1143
CONTI Valerio,21,46,109,1145
HODEG Álvaro José,21,47,110,1146
SERRY Pieter,21,48,112,1148
KNOX James,21,49,113,1149
HAMILTON Chris,21,50,113,1149
PERNSTEINER Hermann,21,51,115,1151
SAGAN Peter,21,52,116,1152
CAICEDO Jonathan Klever,21,53,118,1154
OLDANI Stefano,21,54,119,1155
ROSSETTO Stéphane,21,55,119,1155
FABBRO Matteo,21,56,120,1156
DENZ Nico,21,57,122,1158
CONSONNI Simone,21,58,124,1160
BATTAGLIN Enrico,21,59,124,1160
HOLMES Matthew,21,60,125,1161
MAŁECKI Kamil,21,61,125,1161
CLARKE Simon,21,62,126,1162
GUERREIRO Ruben,21,63,127,1163
KANGERT Tanel,21,64,127,1163
FRANKINY Kilian,21,65,127,1163
VANHOUCKE Harm,21,66,130,1166
NOVAK Domen,21,67,131,1167
MAJKA Rafał,21,68,132,1168
PADUN Mark,21,69,132,1168
LE TURNIER Mathias,21,70,133,1169
DIBBEN Jonathan,21,71,133,1169
HAGEN Carl Fredrik,21,72,134,1170
HANSEN Jesper,21,73,135,1171
SAMITIER Sergio,21,74,135,1171
WHELAN James,21,75,135,1171
DE LA PARTE Víctor,21,76,135,1171
CASTROVIEJO Jonathan,21,77,135,1171
BEVILACQUA Simone,21,78,137,1173
CATALDO Dario,21,79,138,1174
VIVIANI Elia,21,80,141,1177
GUARNIERI Jacopo,21,81,142,1178
BERNARD Julien,21,82,143,1179
TORRES Albert,21,83,144,1180
DOMBROWSKI Joe,21,84,144,1180
MOSCA Jacopo,21,85,145,1181
ARASHIRO Yukiya,21,86,147,1183
CONCI Nicola,21,87,148,1184
NAVARRO Daniel,21,88,151,1187
ZABEL Rick,21,89,152,1188
WYSS Danilo,21,90,155,1191
SEPÚLVEDA Eduardo,21,91,155,1191
SUNDERLAND Dylan,21,92,157,1193
TONELLI Alessandro,21,93,157,1193
CARBONI Giovanni,21,94,157,1193
RAVANELLI Simone,21,95,157,1193
CONTRERAS Rodrigo,21,96,160,1196
ROTA Lorenzo,21,97,162,1198
HAAS Nathan,21,98,162,1198
POLJAŃSKI Paweł,21,99,163,1199
BIDARD François,21,100,164,1200
VILLELLA Davide,21,101,165,1201
BENEDETTI Cesare,21,102,167,1203
GHEBREIGZABHIER Amanuel,21,103,167,1203
ARMÉE Sander,21,104,168,1204
PEDRERO Antonio,21,105,169,1205
GREGAARD Jonas,21,106,172,1208
CAPECCHI Eros,21,107,173,1209
BAIS Mattia,21,108,173,1209
HÄNNINEN Jaakko,21,109,173,1209
MATHIS Marco,21,110,175,1211
RUBIO Einer Augusto,21,111,178,1214
HANSEN Adam,21,112,181,1217
CIMOLAI Davide,21,113,181,1217
VAN EMPEL Etienne,21,114,182,1218
MORTON Lachlan,21,115,182,1218
SAGIV Guy,21,116,186,1222
RUMAC Josip,21,117,186,1222
FIORELLI Filippo,21,118,193,1229
ZARDINI Edoardo,21,119,193,1229
RESTREPO Jhonatan,21,120,195,1231
PELLAUD Simon,21,121,195,1231
GUGLIELMI Simon,21,122,195,1231
CARRETERO Héctor,21,123,196,1232
NIBALI Antonio,21,124,196,1232
ROMANO Francesco,21,125,198,1234
CHIRICO Luca,21,126,201,1237
FRAPPORTI Marco,21,127,201,1237
ZANA Filippo,21,128,201,1237
LONARDI Giovanni,21,129,202,1238
MAZZUCCO Fabio,21,130,219,1255
CEPEDA Jefferson Alexander,21,131,222,1258
KEISSE Iljo,21,132,223,1259
BISOLTI Alessandro,21,133,252,1288
GEOGHEGAN HART Tao,20,1,0,17565
HINDLEY Jai,20,2,0,17565
DENNIS Rohan,20,3,25,17590
ALMEIDA João,20,4,61,17626
VENDRAME Andrea,20,5,94,17659
RUBIO Einer Augusto,20,6,95,17660
BILBAO Pello,20,7,95,17660
KELDERMAN Wilco,20,8,95,17660
VALTER Attila,20,9,108,17673
KNOX James,20,10,120,17685
NIBALI Vincenzo,20,11,122,17687
POZZOVIVO Domenico,20,12,129,17694
GUERREIRO Ruben,20,13,129,17694
SERRY Pieter,20,14,145,17710
O'CONNOR Ben,20,15,148,17713
PERNSTEINER Hermann,20,16,148,17713
KONRAD Patrick,20,17,148,17713
FUGLSANG Jakob,20,18,156,17721
HOLMES Matthew,20,19,161,17726
MASNADA Fausto,20,20,161,17726
ULISSI Diego,20,21,213,17778
PARET-PEINTRE Aurélien,20,22,221,17786
MCNULTY Brandon,20,23,313,17878
BOUCHARD Geoffrey,20,24,333,17898
HONORÉ Mikkel Frølich,20,25,350,17915
TUSVELD Martijn,20,26,359,17924
MAŁECKI Kamil,20,27,370,17935
TRATNIK Jan,20,28,406,17971
VILLELLA Davide,20,29,412,17977
CONCI Nicola,20,30,459,18024
HAMILTON Chris,20,31,475,18040
SAMITIER Sergio,20,32,483,18048
SWIFT Ben,20,33,483,18048
WARBASSE Larry,20,34,483,18048
MEINTJES Louis,20,35,483,18048
BERNARD Julien,20,36,483,18048
FELLINE Fabio,20,37,483,18048
CAICEDO Jonathan Klever,20,38,483,18048
LE TURNIER Mathias,20,39,508,18073
KANGERT Tanel,20,40,508,18073
GHEBREIGZABHIER Amanuel,20,41,523,18088
OOMEN Sam,20,42,568,18133
ROSSKOPF Joey,20,43,568,18133
CASTROVIEJO Jonathan,20,44,598,18163
BALLERINI Davide,20,45,706,18271
FABBRO Matteo,20,46,712,18277
CHIRICO Luca,20,47,712,18277
MAJKA Rafał,20,48,712,18277
DE LA PARTE Víctor,20,49,712,18277
CARRETERO Héctor,20,50,712,18277
HAGEN Carl Fredrik,20,51,712,18277
SEPÚLVEDA Eduardo,20,52,712,18277
DOMBROWSKI Joe,20,53,712,18277
HANSEN Jesper,20,54,712,18277
MOSCA Jacopo,20,55,712,18277
CEPEDA Jefferson Alexander,20,56,716,18281
FIORELLI Filippo,20,57,780,18345
ZAKARIN Ilnur,20,58,847,18412
GUGLIELMI Simon,20,59,863,18428
ROSSETTO Stéphane,20,60,933,18498
NIBALI Antonio,20,61,933,18498
PEDRERO Antonio,20,62,1009,18574
GANNA Filippo,20,63,1059,18624
NOVAK Domen,20,64,1207,18772
SOBRERO Matteo,20,65,1215,18780
DE GENDT Thomas,20,66,1242,18807
PUCCIO Salvatore,20,67,1600,19165
VIVIANI Elia,20,68,1600,19165
CIMOLAI Davide,20,69,1600,19165
BATTAGLIN Enrico,20,70,1600,19165
NAVARRO Daniel,20,71,1600,19165
CARBONI Giovanni,20,72,1600,19165
FRANKINY Kilian,20,73,1665,19230
DENZ Nico,20,74,1665,19230
PELLAUD Simon,20,75,1665,19230
VAN EMPEL Etienne,20,76,1665,19230
WHELAN James,20,77,1665,19230
ROTA Lorenzo,20,78,1665,19230
WYSS Danilo,20,79,1665,19230
SUNDERLAND Dylan,20,80,1665,19230
HAGA Chad,20,81,1665,19230
SCOTSON Miles,20,82,1665,19230
ZANA Filippo,20,83,1665,19230
ROMANO Francesco,20,84,1665,19230
TONELLI Alessandro,20,85,1665,19230
HÄNNINEN Jaakko,20,86,1665,19230
CAPECCHI Eros,20,87,1665,19230
BAIS Mattia,20,88,1665,19230
RAVANELLI Simone,20,89,1665,19230
CATALDO Dario,20,90,1665,19230
ARASHIRO Yukiya,20,91,1665,19230
ARMÉE Sander,20,92,1665,19230
BIDARD François,20,93,1665,19230
CLARKE Simon,20,94,1670,19235
VANHOUCKE Harm,20,95,1670,19235
POLJAŃSKI Paweł,20,96,1673,19238
RESTREPO Jhonatan,20,97,1742,19307
OLDANI Stefano,20,98,1960,19525
FRAPPORTI Marco,20,99,1960,19525
HANSEN Adam,20,100,1960,19525
BEVILACQUA Simone,20,101,1960,19525
RODRÍGUEZ Óscar,20,102,1960,19525
BENEDETTI Cesare,20,103,1960,19525
SAGAN Peter,20,104,1960,19525
RUMAC Josip,20,105,1960,19525
GREGAARD Jonas,20,106,1960,19525
LONARDI Giovanni,20,107,1960,19525
PADUN Mark,20,108,1960,19525
CONTRERAS Rodrigo,20,109,1960,19525
ZARDINI Edoardo,20,110,2014,19579
MATHIS Marco,20,111,2022,19587
BJERG Mikkel,20,112,2022,19587
HAAS Nathan,20,113,2040,19605
CONTI Valerio,20,114,2087,19652
CONSONNI Simone,20,115,2087,19652
BODNAR Maciej,20,116,2097,19662
GRADEK Kamil,20,117,2097,19662
ČERNÝ Josef,20,118,2097,19662
HODEG Álvaro José,20,119,2097,19662
MORTON Lachlan,20,120,2100,19665
SAGIV Guy,20,121,2133,19698
ZABEL Rick,20,122,2133,19698
DOWSETT Alex,20,123,2133,19698
BISOLTI Alessandro,20,124,2133,19698
CAMPENAERTS Victor,20,125,2133,19698
MAZZUCCO Fabio,20,126,2133,19698
GUARNIERI Jacopo,20,127,2172,19737
DÉMARE Arnaud,20,128,2172,19737
BRÄNDLE Matthias,20,129,2173,19738
DIBBEN Jonathan,20,130,2184,19749
KONOVALOVAS Ignatas,20,131,2193,19758
KEISSE Iljo,20,132,2193,19758
TORRES Albert,20,133,2193,19758
ČERNÝ Josef,19,1,0,9040
CAMPENAERTS Victor,19,2,18,9058
MOSCA Jacopo,19,3,26,9066
CLARKE Simon,19,4,26,9066
KEISSE Iljo,19,5,26,9066
ARMÉE Sander,19,6,26,9066
TORRES Albert,19,7,70,9110
PELLAUD Simon,19,8,70,9110
CARBONI Giovanni,19,9,70,9110
DOWSETT Alex,19,10,70,9110
HAAS Nathan,19,11,137,9177
VAN EMPEL Etienne,19,12,137,9177
MORTON Lachlan,19,13,141,9181
MATHIS Marco,19,14,495,9535
BALLERINI Davide,19,15,703,9743
HONORÉ Mikkel Frølich,19,16,703,9743
GEOGHEGAN HART Tao,19,17,703,9743
ALMEIDA João,19,18,703,9743
TRATNIK Jan,19,19,703,9743
CAPECCHI Eros,19,20,703,9743
BERNARD Julien,19,21,703,9743
NIBALI Vincenzo,19,22,703,9743
VIVIANI Elia,19,23,703,9743
FELLINE Fabio,19,24,703,9743
HINDLEY Jai,19,25,703,9743
KONRAD Patrick,19,26,703,9743
KELDERMAN Wilco,19,27,703,9743
FUGLSANG Jakob,19,28,703,9743
GANNA Filippo,19,29,703,9743
TUSVELD Martijn,19,30,703,9743
PADUN Mark,19,31,703,9743
SWIFT Ben,19,32,703,9743
SOBRERO Matteo,19,33,703,9743
BILBAO Pello,19,34,703,9743
FIORELLI Filippo,19,35,703,9743
MASNADA Fausto,19,36,703,9743
OOMEN Sam,19,37,703,9743
KNOX James,19,38,703,9743
CONCI Nicola,19,39,703,9743
POZZOVIVO Domenico,19,40,703,9743
MAJKA Rafał,19,41,703,9743
DÉMARE Arnaud,19,42,703,9743
GUARNIERI Jacopo,19,43,703,9743
SAGAN Peter,19,44,703,9743
HAMILTON Chris,19,45,703,9743
LONARDI Giovanni,19,46,703,9743
ARASHIRO Yukiya,19,47,703,9743
PARET-PEINTRE Aurélien,19,48,703,9743
CATALDO Dario,19,49,703,9743
BIDARD François,19,50,703,9743
SAMITIER Sergio,19,51,703,9743
RODRÍGUEZ Óscar,19,52,703,9743
CONSONNI Simone,19,53,703,9743
BENEDETTI Cesare,19,54,703,9743
WARBASSE Larry,19,55,703,9743
FABBRO Matteo,19,56,703,9743
DENZ Nico,19,57,703,9743
PERNSTEINER Hermann,19,58,703,9743
POLJAŃSKI Paweł,19,59,703,9743
MAŁECKI Kamil,19,60,703,9743
MCNULTY Brandon,19,61,703,9743
RESTREPO Jhonatan,19,62,703,9743
HAGA Chad,19,63,703,9743
VALTER Attila,19,64,703,9743
ROSSKOPF Joey,19,65,703,9743
DE LA PARTE Víctor,19,66,703,9743
SAGIV Guy,19,67,703,9743
FRANKINY Kilian,19,68,703,9743
GUGLIELMI Simon,19,69,703,9743
PUCCIO Salvatore,19,70,703,9743
SUNDERLAND Dylan,19,71,703,9743
SCOTSON Miles,19,72,703,9743
BODNAR Maciej,19,73,703,9743
KONOVALOVAS Ignatas,19,74,703,9743
OLDANI Stefano,19,75,703,9743
RUMAC Josip,19,76,703,9743
NIBALI Antonio,19,77,703,9743
ZABEL Rick,19,78,703,9743
DENNIS Rohan,19,79,703,9743
MAZZUCCO Fabio,19,80,703,9743
GRADEK Kamil,19,81,703,9743
GUERREIRO Ruben,19,82,703,9743
WYSS Danilo,19,83,703,9743
SERRY Pieter,19,84,703,9743
SEPÚLVEDA Eduardo,19,85,703,9743
BAIS Mattia,19,86,703,9743
VENDRAME Andrea,19,87,703,9743
KANGERT Tanel,19,88,703,9743
HAGEN Carl Fredrik,19,89,703,9743
MEINTJES Louis,19,90,703,9743
HODEG Álvaro José,19,91,703,9743
HANSEN Jesper,19,92,703,9743
O'CONNOR Ben,19,93,703,9743
HANSEN Adam,19,94,703,9743
BATTAGLIN Enrico,19,95,703,9743
CASTROVIEJO Jonathan,19,96,703,9743
CHIRICO Luca,19,97,703,9743
BOUCHARD Geoffrey,19,98,703,9743
HÄNNINEN Jaakko,19,99,703,9743
BJERG Mikkel,19,100,703,9743
CIMOLAI Davide,19,101,703,9743
ZANA Filippo,19,102,703,9743
BEVILACQUA Simone,19,103,703,9743
ROTA Lorenzo,19,104,703,9743
TONELLI Alessandro,19,105,703,9743
RUBIO Einer Augusto,19,106,703,9743
GHEBREIGZABHIER Amanuel,19,107,703,9743
BISOLTI Alessandro,19,108,703,9743
ULISSI Diego,19,109,703,9743
VILLELLA Davide,19,110,703,9743
PEDRERO Antonio,19,111,703,9743
RAVANELLI Simone,19,112,703,9743
DIBBEN Jonathan,19,113,703,9743
NAVARRO Daniel,19,114,703,9743
FRAPPORTI Marco,19,115,703,9743
DE GENDT Thomas,19,116,703,9743
ROSSETTO Stéphane,19,117,703,9743
DOMBROWSKI Joe,19,118,703,9743
CEPEDA Jefferson Alexander,19,119,703,9743
CARRETERO Héctor,19,120,703,9743
CONTI Valerio,19,121,703,9743
ZAKARIN Ilnur,19,122,703,9743
WHELAN James,19,123,703,9743
ROMANO Francesco,19,124,703,9743
LE TURNIER Mathias,19,125,703,9743
CONTRERAS Rodrigo,19,126,703,9743
VANHOUCKE Harm,19,127,703,9743
GREGAARD Jonas,19,128,703,9743
CAICEDO Jonathan Klever,19,129,703,9743
ZARDINI Edoardo,19,130,703,9743
BRÄNDLE Matthias,19,131,703,9743
HOLMES Matthew,19,132,703,9743
NOVAK Domen,19,133,735,9775
HINDLEY Jai,18,1,0,21783
GEOGHEGAN HART Tao,18,2,0,21783
BILBAO Pello,18,3,46,21829
FUGLSANG Jakob,18,4,85,21868
KELDERMAN Wilco,18,5,138,21921
KONRAD Patrick,18,6,244,22027
ALMEIDA João,18,7,291,22074
NIBALI Vincenzo,18,8,291,22074
PERNSTEINER Hermann,18,9,291,22074
MASNADA Fausto,18,10,295,22078
MAJKA Rafał,18,11,403,22186
NOVAK Domen,18,12,495,22278
POZZOVIVO Domenico,18,13,497,22280
DENNIS Rohan,18,14,513,22296
O'CONNOR Ben,18,15,708,22491
SWIFT Ben,18,16,888,22671
WARBASSE Larry,18,17,901,22684
PARET-PEINTRE Aurélien,18,18,901,22684
SAMITIER Sergio,18,19,982,22765
OOMEN Sam,18,20,1243,23026
FELLINE Fabio,18,21,1243,23026
NAVARRO Daniel,18,22,1243,23026
GANNA Filippo,18,23,1268,23051
ARMÉE Sander,18,24,1455,23238
ZAKARIN Ilnur,18,25,1616,23399
BIDARD François,18,26,1616,23399
HAGEN Carl Fredrik,18,27,1616,23399
KNOX James,18,28,1618,23401
TUSVELD Martijn,18,29,1618,23401
DOMBROWSKI Joe,18,30,1618,23401
GHEBREIGZABHIER Amanuel,18,31,1618,23401
SERRY Pieter,18,32,1618,23401
HAMILTON Chris,18,33,1618,23401
CASTROVIEJO Jonathan,18,34,1618,23401
TONELLI Alessandro,18,35,1618,23401
GUERREIRO Ruben,18,36,1618,23401
PEDRERO Antonio,18,37,1718,23501
ROSSETTO Stéphane,18,38,1777,23560
MCNULTY Brandon,18,39,1777,23560
GREGAARD Jonas,18,40,1777,23560
HOLMES Matthew,18,41,1786,23569
DE GENDT Thomas,18,42,1901,23684
NIBALI Antonio,18,43,1901,23684
MEINTJES Louis,18,44,1901,23684
PELLAUD Simon,18,45,1933,23716
HONORÉ Mikkel Frølich,18,46,2035,23818
ULISSI Diego,18,47,2091,23874
LE TURNIER Mathias,18,48,2235,24018
BATTAGLIN Enrico,18,49,2235,24018
RODRÍGUEZ Óscar,18,50,2235,24018
FABBRO Matteo,18,51,2235,24018
CAMPENAERTS Victor,18,52,2235,24018
SOBRERO Matteo,18,53,2235,24018
CEPEDA Jefferson Alexander,18,54,2235,24018
RUBIO Einer Augusto,18,55,2355,24138
KANGERT Tanel,18,56,2355,24138
HAGA Chad,18,57,2409,24192
WHELAN James,18,58,2463,24246
CATALDO Dario,18,59,2825,24608
BALLERINI Davide,18,60,2825,24608
PUCCIO Salvatore,18,61,2825,24608
CAPECCHI Eros,18,62,2825,24608
GRADEK Kamil,18,63,2825,24608
MAŁECKI Kamil,18,64,2825,24608
DE LA PARTE Víctor,18,65,2825,24608
SEPÚLVEDA Eduardo,18,66,2825,24608
WYSS Danilo,18,67,2825,24608
ROSSKOPF Joey,18,68,2825,24608
ČERNÝ Josef,18,69,2825,24608
SAGAN Peter,18,70,2825,24608
POLJAŃSKI Paweł,18,71,2825,24608
FRAPPORTI Marco,18,72,2825,24608
HANSEN Jesper,18,73,2825,24608
TRATNIK Jan,18,74,2825,24608
CARRETERO Héctor,18,75,2825,24608
BOUCHARD Geoffrey,18,76,2861,24644
RUMAC Josip,18,77,2861,24644
SUNDERLAND Dylan,18,78,2861,24644
VALTER Attila,18,79,2861,24644
ZABEL Rick,18,80,2895,24678
DOWSETT Alex,18,81,2943,24726
BRÄNDLE Matthias,18,82,2943,24726
HÄNNINEN Jaakko,18,83,2943,24726
PADUN Mark,18,84,2943,24726
HANSEN Adam,18,85,2943,24726
ARASHIRO Yukiya,18,86,2943,24726
BAIS Mattia,18,87,2943,24726
DENZ Nico,18,88,2943,24726
CLARKE Simon,18,89,2943,24726
MORTON Lachlan,18,90,2943,24726
MOSCA Jacopo,18,91,3018,24801
BERNARD Julien,18,92,3018,24801
SCOTSON Miles,18,93,3058,24841
DÉMARE Arnaud,18,94,3058,24841
HAAS Nathan,18,95,3058,24841
ZANA Filippo,18,96,3058,24841
VIVIANI Elia,18,97,3058,24841
CONSONNI Simone,18,98,3058,24841
ROTA Lorenzo,18,99,3058,24841
CONTI Valerio,18,100,3058,24841
GUARNIERI Jacopo,18,101,3058,24841
CARBONI Giovanni,18,102,3058,24841
BEVILACQUA Simone,18,103,3058,24841
SPREAFICO Matteo,18,104,3058,24841
CIMOLAI Davide,18,105,3058,24841
CHIRICO Luca,18,106,3058,24841
CAICEDO Jonathan Klever,18,107,3058,24841
VENDRAME Andrea,18,108,3058,24841
CONTRERAS Rodrigo,18,109,3058,24841
OLDANI Stefano,18,110,3058,24841
FIORELLI Filippo,18,111,3058,24841
CONCI Nicola,18,112,3058,24841
RAVANELLI Simone,18,113,3058,24841
BENEDETTI Cesare,18,114,3058,24841
LONARDI Giovanni,18,115,3058,24841
MATHIS Marco,18,116,3058,24841
BISOLTI Alessandro,18,117,3058,24841
ROMANO Francesco,18,118,3058,24841
SAGIV Guy,18,119,3058,24841
ZARDINI Edoardo,18,120,3058,24841
MAZZUCCO Fabio,18,121,3058,24841
FRANKINY Kilian,18,122,3058,24841
BJERG Mikkel,18,123,3058,24841
RESTREPO Jhonatan,18,124,3058,24841
HODEG Álvaro José,18,125,3058,24841
VAN EMPEL Etienne,18,126,3058,24841
DIBBEN Jonathan,18,127,3058,24841
VILLELLA Davide,18,128,3058,24841
TORRES Albert,18,129,3058,24841
KEISSE Iljo,18,130,3058,24841
GUGLIELMI Simon,18,131,3058,24841
VANHOUCKE Harm,18,132,3058,24841
KONOVALOVAS Ignatas,18,133,3058,24841
BODNAR Maciej,18,134,3058,24841
O'CONNOR Ben,17,1,0,21059
PERNSTEINER Hermann,17,2,31,21090
DE GENDT Thomas,17,3,70,21129
ZAKARIN Ilnur,17,4,73,21132
FRANKINY Kilian,17,5,115,21174
VANHOUCKE Harm,17,6,169,21228
VILLELLA Davide,17,7,209,21268
RODRÍGUEZ Óscar,17,8,209,21268
GHEBREIGZABHIER Amanuel,17,9,210,21269
HANSEN Jesper,17,10,272,21331
GEOGHEGAN HART Tao,17,11,311,21370
HINDLEY Jai,17,12,311,21370
MAJKA Rafał,17,13,311,21370
KELDERMAN Wilco,17,14,311,21370
ALMEIDA João,17,15,311,21370
BILBAO Pello,17,16,311,21370
KONRAD Patrick,17,17,311,21370
NIBALI Vincenzo,17,18,311,21370
FUGLSANG Jakob,17,19,311,21370
POZZOVIVO Domenico,17,20,311,21370
MASNADA Fausto,17,21,313,21372
DENNIS Rohan,17,22,358,21417
DE LA PARTE Víctor,17,23,364,21423
KNOX James,17,24,390,21449
SAMITIER Sergio,17,25,408,21467
SWIFT Ben,17,26,408,21467
MCNULTY Brandon,17,27,410,21469
PARET-PEINTRE Aurélien,17,28,410,21469
WARBASSE Larry,17,29,467,21526
OOMEN Sam,17,30,509,21568
TUSVELD Martijn,17,31,509,21568
MEINTJES Louis,17,32,611,21670
GREGAARD Jonas,17,33,611,21670
SERRY Pieter,17,34,662,21721
HAMILTON Chris,17,35,662,21721
FABBRO Matteo,17,36,662,21721
BOUCHARD Geoffrey,17,37,685,21744
VALTER Attila,17,38,685,21744
NIBALI Antonio,17,39,685,21744
PEDRERO Antonio,17,40,701,21760
HAGEN Carl Fredrik,17,41,722,21781
DOMBROWSKI Joe,17,42,722,21781
BIDARD François,17,43,722,21781
MOSCA Jacopo,17,44,754,21813
CASTROVIEJO Jonathan,17,45,864,21923
TONELLI Alessandro,17,46,887,21946
BATTAGLIN Enrico,17,47,887,21946
BERNARD Julien,17,48,887,21946
ARMÉE Sander,17,49,887,21946
BISOLTI Alessandro,17,50,887,21946
CATALDO Dario,17,51,955,22014
NOVAK Domen,17,52,966,22025
FRAPPORTI Marco,17,53,981,22040
HONORÉ Mikkel Frølich,17,54,981,22040
VAN EMPEL Etienne,17,55,1040,22099
CARRETERO Héctor,17,56,1114,22173
DENZ Nico,17,57,1124,22183
HAGA Chad,17,58,1124,22183
PELLAUD Simon,17,59,1124,22183
LE TURNIER Mathias,17,60,1124,22183
NAVARRO Daniel,17,61,1124,22183
BENEDETTI Cesare,17,62,1124,22183
CONCI Nicola,17,63,1124,22183
KANGERT Tanel,17,64,1124,22183
CLARKE Simon,17,65,1210,22269
GUERREIRO Ruben,17,66,1210,22269
SEPÚLVEDA Eduardo,17,67,1210,22269
CAICEDO Jonathan Klever,17,68,1210,22269
PUCCIO Salvatore,17,69,1298,22357
CAPECCHI Eros,17,70,1298,22357
ULISSI Diego,17,71,1298,22357
FELLINE Fabio,17,72,1298,22357
HÄNNINEN Jaakko,17,73,1298,22357
GANNA Filippo,17,74,1298,22357
WYSS Danilo,17,75,1368,22427
ČERNÝ Josef,17,76,1395,22454
BAIS Mattia,17,77,1547,22606
VENDRAME Andrea,17,78,1547,22606
RAVANELLI Simone,17,79,1547,22606
PADUN Mark,17,80,1571,22630
ARASHIRO Yukiya,17,81,1571,22630
BALLERINI Davide,17,82,1599,22658
MORTON Lachlan,17,83,1908,22967
GRADEK Kamil,17,84,1954,23013
MAŁECKI Kamil,17,85,1954,23013
SUNDERLAND Dylan,17,86,1954,23013
CONTRERAS Rodrigo,17,87,1954,23013
ROMANO Francesco,17,88,1954,23013
ZARDINI Edoardo,17,89,1954,23013
TORRES Albert,17,90,2109,23168
KEISSE Iljo,17,91,2235,23294
ZANA Filippo,17,92,2235,23294
OLDANI Stefano,17,93,2361,23420
BOARO Manuele,17,94,2519,23578
CARBONI Giovanni,17,95,2526,23585
MATHIS Marco,17,96,2773,23832
WHELAN James,17,97,2773,23832
DOWSETT Alex,17,98,2773,23832
HAAS Nathan,17,99,2773,23832
SAGAN Peter,17,100,2773,23832
VIVIANI Elia,17,101,2773,23832
HOLMES Matthew,17,102,2773,23832
CONTI Valerio,17,103,2773,23832
RUMAC Josip,17,104,2773,23832
SAGIV Guy,17,105,2773,23832
BRÄNDLE Matthias,17,106,2773,23832
FIORELLI Filippo,17,107,2773,23832
POLJAŃSKI Paweł,17,108,2773,23832
CHIRICO Luca,17,109,2773,23832
TRATNIK Jan,17,110,2773,23832
SPREAFICO Matteo,17,111,2773,23832
BODNAR Maciej,17,112,2773,23832
VISCONTI Giovanni,17,113,2773,23832
BEVILACQUA Simone,17,114,2773,23832
SOBRERO Matteo,17,115,2773,23832
RESTREPO Jhonatan,17,116,2773,23832
ZABEL Rick,17,117,2773,23832
CAMPENAERTS Victor,17,118,2773,23832
HANSEN Adam,17,119,2773,23832
ROSSKOPF Joey,17,120,2773,23832
LONARDI Giovanni,17,121,2773,23832
RUBIO Einer Augusto,17,122,2773,23832
CEPEDA Jefferson Alexander,17,123,2773,23832
ROTA Lorenzo,17,124,2773,23832
SCOTSON Miles,17,125,2773,23832
CIMOLAI Davide,17,126,2773,23832
DÉMARE Arnaud,17,127,2773,23832
GUARNIERI Jacopo,17,128,2773,23832
MAZZUCCO Fabio,17,129,2773,23832
KONOVALOVAS Ignatas,17,130,2773,23832
GUGLIELMI Simon,17,131,2773,23832
HODEG Álvaro José,17,132,2773,23832
DIBBEN Jonathan,17,133,2773,23832
BJERG Mikkel,17,134,2773,23832
ROSSETTO Stéphane,17,135,2773,23832
CONSONNI Simone,17,136,2773,23832
TRATNIK Jan,16,1,0,21876
O'CONNOR Ben,16,2,7,21883
BATTAGLIN Enrico,16,3,74,21950
MAŁECKI Kamil,16,4,74,21950
SWIFT Ben,16,5,74,21950
VENDRAME Andrea,16,6,81,21957
BOUCHARD Geoffrey,16,7,81,21957
FABBRO Matteo,16,8,85,21961
BOARO Manuele,16,9,93,21969
TONELLI Alessandro,16,10,97,21973
CONTI Valerio,16,11,179,22055
ROTA Lorenzo,16,12,179,22055
SAMITIER Sergio,16,13,179,22055
WARBASSE Larry,16,14,179,22055
BIDARD François,16,15,182,22058
PUCCIO Salvatore,16,16,224,22100
FELLINE Fabio,16,17,224,22100
CEPEDA Jefferson Alexander,16,18,284,22160
OLDANI Stefano,16,19,531,22407
BISOLTI Alessandro,16,20,531,22407
BERNARD Julien,16,21,531,22407
ZANA Filippo,16,22,531,22407
ROSSKOPF Joey,16,23,531,22407
POLJAŃSKI Paweł,16,24,568,22444
VISCONTI Giovanni,16,25,582,22458
RUBIO Einer Augusto,16,26,582,22458
GUERREIRO Ruben,16,27,708,22584
ALMEIDA João,16,28,774,22650
HINDLEY Jai,16,29,776,22652
NIBALI Vincenzo,16,30,776,22652
GEOGHEGAN HART Tao,16,31,776,22652
KONRAD Patrick,16,32,776,22652
FUGLSANG Jakob,16,33,776,22652
KELDERMAN Wilco,16,34,776,22652
BILBAO Pello,16,35,776,22652
MAJKA Rafał,16,36,776,22652
POZZOVIVO Domenico,16,37,776,22652
MCNULTY Brandon,16,38,776,22652
MASNADA Fausto,16,39,786,22662
PEDRERO Antonio,16,40,786,22662
KNOX James,16,41,786,22662
OOMEN Sam,16,42,793,22669
PERNSTEINER Hermann,16,43,797,22673
ULISSI Diego,16,44,798,22674
PARET-PEINTRE Aurélien,16,45,802,22678
MOSCA Jacopo,16,46,812,22688
MEINTJES Louis,16,47,812,22688
GREGAARD Jonas,16,48,812,22688
SOBRERO Matteo,16,49,812,22688
CAICEDO Jonathan Klever,16,50,812,22688
DE LA PARTE Víctor,16,51,824,22700
HONORÉ Mikkel Frølich,16,52,824,22700
TUSVELD Martijn,16,53,824,22700
WHELAN James,16,54,827,22703
CONCI Nicola,16,55,827,22703
ARMÉE Sander,16,56,834,22710
DE GENDT Thomas,16,57,834,22710
SERRY Pieter,16,58,834,22710
CATALDO Dario,16,59,834,22710
VALTER Attila,16,60,834,22710
NOVAK Domen,16,61,869,22745
DENNIS Rohan,16,62,875,22751
CARRETERO Héctor,16,63,875,22751
CASTROVIEJO Jonathan,16,64,875,22751
GHEBREIGZABHIER Amanuel,16,65,880,22756
HAMILTON Chris,16,66,901,22777
HÄNNINEN Jaakko,16,67,950,22826
CHIRICO Luca,16,68,950,22826
HAGEN Carl Fredrik,16,69,1041,22917
ARASHIRO Yukiya,16,70,1041,22917
BENEDETTI Cesare,16,71,1051,22927
DOMBROWSKI Joe,16,72,1055,22931
RODRÍGUEZ Óscar,16,73,1066,22942
NIBALI Antonio,16,74,1077,22953
WYSS Danilo,16,75,1194,23070
HAGA Chad,16,76,1194,23070
CARBONI Giovanni,16,77,1194,23070
ZABEL Rick,16,78,1286,23162
DENZ Nico,16,79,1286,23162
MATHIS Marco,16,80,1286,23162
BAIS Mattia,16,81,1286,23162
PELLAUD Simon,16,82,1286,23162
RUMAC Josip,16,83,1286,23162
SPREAFICO Matteo,16,84,1286,23162
ROMANO Francesco,16,85,1286,23162
RAVANELLI Simone,16,86,1286,23162
ZAKARIN Ilnur,16,87,1286,23162
MAZZUCCO Fabio,16,88,1286,23162
SEPÚLVEDA Eduardo,16,89,1286,23162
HAAS Nathan,16,90,1286,23162
SUNDERLAND Dylan,16,91,1286,23162
PADUN Mark,16,92,1286,23162
DOWSETT Alex,16,93,1286,23162
KANGERT Tanel,16,94,1286,23162
HANSEN Jesper,16,95,1286,23162
CAPECCHI Eros,16,96,1286,23162
VAN EMPEL Etienne,16,97,1286,23162
CAMPENAERTS Victor,16,98,1286,23162
HANSEN Adam,16,99,1286,23162
ROSSETTO Stéphane,16,100,1286,23162
KEISSE Iljo,16,101,1301,23177
VIVIANI Elia,16,102,1301,23177
GANNA Filippo,16,103,1301,23177
CLARKE Simon,16,104,1301,23177
BALLERINI Davide,16,105,1301,23177
VILLELLA Davide,16,106,1301,23177
FRAPPORTI Marco,16,107,1301,23177
FIORELLI Filippo,16,108,1301,23177
HOLMES Matthew,16,109,1301,23177
LE TURNIER Mathias,16,110,1301,23177
NAVARRO Daniel,16,111,1301,23177
SAGIV Guy,16,112,1301,23177
RESTREPO Jhonatan,16,113,1301,23177
GRADEK Kamil,16,114,1301,23177
LONARDI Giovanni,16,115,1301,23177
ČERNÝ Josef,16,116,1301,23177
CONTRERAS Rodrigo,16,117,1301,23177
SAGAN Peter,16,118,1326,23202
BODNAR Maciej,16,119,1326,23202
TORRES Albert,16,120,1326,23202
ZARDINI Edoardo,16,121,1326,23202
CIMOLAI Davide,16,122,1329,23205
SCOTSON Miles,16,123,1575,23451
FRANKINY Kilian,16,124,1575,23451
GUGLIELMI Simon,16,125,1575,23451
DÉMARE Arnaud,16,126,1575,23451
BEVILACQUA Simone,16,127,1575,23451
GUARNIERI Jacopo,16,128,1575,23451
CONSONNI Simone,16,129,1575,23451
BRÄNDLE Matthias,16,130,1575,23451
MORTON Lachlan,16,131,1575,23451
DIBBEN Jonathan,16,132,1575,23451
VANHOUCKE Harm,16,133,1575,23451
HODEG Álvaro José,16,134,1575,23451
KONOVALOVAS Ignatas,16,135,1575,23451
BJERG Mikkel,16,136,1672,23548
GEOGHEGAN HART Tao,15,1,0,17932
KELDERMAN Wilco,15,2,2,17934
HINDLEY Jai,15,3,4,17936
ALMEIDA João,15,4,37,17969
MAJKA Rafał,15,5,82,18014
KONRAD Patrick,15,6,89,18021
KNOX James,15,7,96,18028
BILBAO Pello,15,8,96,18028
FUGLSANG Jakob,15,9,96,18028
NIBALI Vincenzo,15,10,96,18028
MASNADA Fausto,15,11,98,18030
POZZOVIVO Domenico,15,12,114,18046
PEDRERO Antonio,15,13,114,18046
PERNSTEINER Hermann,15,14,114,18046
MCNULTY Brandon,15,15,163,18095
O'CONNOR Ben,15,16,190,18122
KANGERT Tanel,15,17,307,18239
DE LA PARTE Víctor,15,18,307,18239
SWIFT Ben,15,19,307,18239
FABBRO Matteo,15,20,317,18249
ROSSETTO Stéphane,15,21,351,18283
ZAKARIN Ilnur,15,22,351,18283
WARBASSE Larry,15,23,351,18283
SAMITIER Sergio,15,24,351,18283
PARET-PEINTRE Aurélien,15,25,351,18283
HAMILTON Chris,15,26,351,18283
OOMEN Sam,15,27,363,18295
TUSVELD Martijn,15,28,363,18295
SERRY Pieter,15,29,429,18361
SEPÚLVEDA Eduardo,15,30,470,18402
HANSEN Jesper,15,31,527,18459
NOVAK Domen,15,32,552,18484
TRATNIK Jan,15,33,552,18484
VALTER Attila,15,34,553,18485
DENNIS Rohan,15,35,618,18550
HONORÉ Mikkel Frølich,15,36,629,18561
VISCONTI Giovanni,15,37,629,18561
HAGEN Carl Fredrik,15,38,629,18561
CASTROVIEJO Jonathan,15,39,629,18561
RAVANELLI Simone,15,40,629,18561
GHEBREIGZABHIER Amanuel,15,41,629,18561
NIBALI Antonio,15,42,629,18561
MEINTJES Louis,15,43,629,18561
RUBIO Einer Augusto,15,44,730,18662
DE GENDT Thomas,15,45,753,18685
FELLINE Fabio,15,46,850,18782
MOSCA Jacopo,15,47,850,18782
VENDRAME Andrea,15,48,883,18815
BATTAGLIN Enrico,15,49,920,18852
BERNARD Julien,15,50,920,18852
CONCI Nicola,15,51,920,18852
TONELLI Alessandro,15,52,920,18852
RODRÍGUEZ Óscar,15,53,920,18852
NAVARRO Daniel,15,54,920,18852
DOMBROWSKI Joe,15,55,1085,19017
CATALDO Dario,15,56,1134,19066
VILLELLA Davide,15,57,1134,19066
BOARO Manuele,15,58,1181,19113
BIDARD François,15,59,1181,19113
PUCCIO Salvatore,15,60,1181,19113
ARMÉE Sander,15,61,1181,19113
BOUCHARD Geoffrey,15,62,1443,19375
POLJAŃSKI Paweł,15,63,1483,19415
ULISSI Diego,15,64,1497,19429
CHIRICO Luca,15,65,1497,19429
BALLERINI Davide,15,66,1497,19429
HAGA Chad,15,67,1525,19457
GREGAARD Jonas,15,68,1550,19482
PADUN Mark,15,69,1567,19499
CAMPENAERTS Victor,15,70,1567,19499
WHELAN James,15,71,1922,19854
CAPECCHI Eros,15,72,1922,19854
WYSS Danilo,15,73,1922,19854
PELLAUD Simon,15,74,1922,19854
MAŁECKI Kamil,15,75,1922,19854
ROSSKOPF Joey,15,76,1922,19854
BENEDETTI Cesare,15,77,1922,19854
CARRETERO Héctor,15,78,1922,19854
LE TURNIER Mathias,15,79,1922,19854
VAN EMPEL Etienne,15,80,1922,19854
CAICEDO Jonathan Klever,15,81,1922,19854
CEPEDA Jefferson Alexander,15,82,1922,19854
ARASHIRO Yukiya,15,83,1922,19854
MORTON Lachlan,15,84,1922,19854
HOLMES Matthew,15,85,1922,19854
SOBRERO Matteo,15,86,1929,19861
DENZ Nico,15,87,2076,20008
RESTREPO Jhonatan,15,88,2076,20008
MATHIS Marco,15,89,2445,20377
FRANKINY Kilian,15,90,2445,20377
FIORELLI Filippo,15,91,2445,20377
SPREAFICO Matteo,15,92,2445,20377
RUMAC Josip,15,93,2445,20377
VIVIANI Elia,15,94,2445,20377
GUARNIERI Jacopo,15,95,2445,20377
ZANA Filippo,15,96,2445,20377
ROMANO Francesco,15,97,2445,20377
TORRES Albert,15,98,2445,20377
ZARDINI Edoardo,15,99,2445,20377
SCOTSON Miles,15,100,2445,20377
BAIS Mattia,15,101,2445,20377
BISOLTI Alessandro,15,102,2445,20377
DÉMARE Arnaud,15,103,2445,20377
CARBONI Giovanni,15,104,2445,20377
GUGLIELMI Simon,15,105,2445,20377
GUERREIRO Ruben,15,106,2445,20377
CLARKE Simon,15,107,2445,20377
CONTRERAS Rodrigo,15,108,2445,20377
OLDANI Stefano,15,109,2445,20377
FRAPPORTI Marco,15,110,2445,20377
CONTI Valerio,15,111,2445,20377
ROTA Lorenzo,15,112,2445,20377
BEVILACQUA Simone,15,113,2445,20377
BRÄNDLE Matthias,15,114,2445,20377
ZABEL Rick,15,115,2445,20377
SAGIV Guy,15,116,2445,20377
HÄNNINEN Jaakko,15,117,2445,20377
SUNDERLAND Dylan,15,118,2445,20377
LONARDI Giovanni,15,119,2445,20377
HAAS Nathan,15,120,2445,20377
KEISSE Iljo,15,121,2445,20377
MAZZUCCO Fabio,15,122,2445,20377
GRADEK Kamil,15,123,2445,20377
RICHEZE Maximiliano,15,124,2445,20377
DOWSETT Alex,15,125,2445,20377
HANSEN Adam,15,126,2445,20377
HODEG Álvaro José,15,127,2445,20377
BJERG Mikkel,15,128,2445,20377
VANHOUCKE Harm,15,129,2445,20377
KONOVALOVAS Ignatas,15,130,2445,20377
DIBBEN Jonathan,15,131,2445,20377
SAGAN Peter,15,132,2452,20384
GAVIRIA Fernando,15,133,2452,20384
ČERNÝ Josef,15,134,2452,20384
BODNAR Maciej,15,135,2452,20384
CIMOLAI Davide,15,136,2452,20384
GANNA Filippo,15,137,2455,20387
CONSONNI Simone,15,138,2455,20387
GANNA Filippo,14,1,0,2560
DENNIS Rohan,14,2,26,2586
MCNULTY Brandon,14,3,69,2629
DE GENDT Thomas,14,4,71,2631
ČERNÝ Josef,14,5,76,2636
ALMEIDA João,14,6,91,2651
KANGERT Tanel,14,7,93,2653
CASTROVIEJO Jonathan,14,8,104,2664
KELDERMAN Wilco,14,9,107,2667
TRATNIK Jan,14,10,120,2680
SOBRERO Matteo,14,11,126,2686
CAMPENAERTS Victor,14,12,126,2686
GEOGHEGAN HART Tao,14,13,144,2704
BJERG Mikkel,14,14,152,2712
GRADEK Kamil,14,15,154,2714
MAJKA Rafał,14,16,157,2717
ROSSKOPF Joey,14,17,159,2719
ZAKARIN Ilnur,14,18,160,2720
BRÄNDLE Matthias,14,19,163,2723
DOWSETT Alex,14,20,169,2729
ULISSI Diego,14,21,170,2730
BILBAO Pello,14,22,173,2733
NIBALI Vincenzo,14,23,174,2734
VALTER Attila,14,24,179,2739
WARBASSE Larry,14,25,180,2740
MASNADA Fausto,14,26,180,2740
POZZOVIVO Domenico,14,27,181,2741
PARET-PEINTRE Aurélien,14,28,186,2746
FUGLSANG Jakob,14,29,193,2753
CATALDO Dario,14,30,205,2765
KNOX James,14,31,205,2765
SCOTSON Miles,14,32,207,2767
KONRAD Patrick,14,33,211,2771
HINDLEY Jai,14,34,219,2779
VENDRAME Andrea,14,35,225,2785
PERNSTEINER Hermann,14,36,227,2787
ROSSETTO Stéphane,14,37,227,2787
BODNAR Maciej,14,38,236,2796
SWIFT Ben,14,39,242,2802
FELLINE Fabio,14,40,250,2810
OOMEN Sam,14,41,269,2829
BALLERINI Davide,14,42,272,2832
BATTAGLIN Enrico,14,43,273,2833
GUERREIRO Ruben,14,44,274,2834
DE LA PARTE Víctor,14,45,277,2837
RAVANELLI Simone,14,46,278,2838
SAGAN Peter,14,47,279,2839
BOUCHARD Geoffrey,14,48,280,2840
MAŁECKI Kamil,14,49,281,2841
DÉMARE Arnaud,14,50,287,2847
WYSS Danilo,14,51,288,2848
FRANKINY Kilian,14,52,288,2848
KEISSE Iljo,14,53,288,2848
FABBRO Matteo,14,54,296,2856
HAAS Nathan,14,55,296,2856
TUSVELD Martijn,14,56,299,2859
WHELAN James,14,57,301,2861
HONORÉ Mikkel Frølich,14,58,301,2861
NARVÁEZ Jhonatan,14,59,303,2863
O'CONNOR Ben,14,60,306,2866
VISCONTI Giovanni,14,61,308,2868
ARMÉE Sander,14,62,311,2871
DIBBEN Jonathan,14,63,312,2872
PEDRERO Antonio,14,64,324,2884
EDET Nicolas,14,65,325,2885
CAPECCHI Eros,14,66,325,2885
SERRY Pieter,14,67,325,2885
HAGEN Carl Fredrik,14,68,326,2886
BEVILACQUA Simone,14,69,327,2887
TONELLI Alessandro,14,70,336,2896
CLARKE Simon,14,71,338,2898
ARASHIRO Yukiya,14,72,339,2899
HAGA Chad,14,73,342,2902
HAMILTON Chris,14,74,349,2909
MATHIS Marco,14,75,350,2910
OLDANI Stefano,14,76,355,2915
BOARO Manuele,14,77,357,2917
VIVIANI Elia,14,78,357,2917
HOLMES Matthew,14,79,357,2917
CONSONNI Simone,14,80,361,2921
CAICEDO Jonathan Klever,14,81,362,2922
VILLELLA Davide,14,82,365,2925
LE TURNIER Mathias,14,83,366,2926
BRAMBILLA Gianluca,14,84,367,2927
HANSEN Adam,14,85,368,2928
ZARDINI Edoardo,14,86,369,2929
PUCCIO Salvatore,14,87,369,2929
RODRÍGUEZ Óscar,14,88,370,2930
MOSCA Jacopo,14,89,371,2931
BIDARD François,14,90,376,2936
RUMAC Josip,14,91,377,2937
RUBIO Einer Augusto,14,92,380,2940
KONOVALOVAS Ignatas,14,93,381,2941
HÄNNINEN Jaakko,14,94,384,2944
GUARNIERI Jacopo,14,95,387,2947
POLJAŃSKI Paweł,14,96,389,2949
BERNARD Julien,14,97,389,2949
SUNDERLAND Dylan,14,98,389,2949
RESTREPO Jhonatan,14,99,390,2950
HANSEN Jesper,14,100,391,2951
SPREAFICO Matteo,14,101,392,2952
MEINTJES Louis,14,102,397,2957
FRAPPORTI Marco,14,103,398,2958
HODEG Álvaro José,14,104,399,2959
CIMOLAI Davide,14,105,402,2962
GHEBREIGZABHIER Amanuel,14,106,405,2965
CONTRERAS Rodrigo,14,107,405,2965
ZABEL Rick,14,108,407,2967
GAVIRIA Fernando,14,109,407,2967
ROTA Lorenzo,14,110,411,2971
GREGAARD Jonas,14,111,414,2974
DOMBROWSKI Joe,14,112,415,2975
ZANA Filippo,14,113,418,2978
GUGLIELMI Simon,14,114,423,2983
VANHOUCKE Harm,14,115,431,2991
BAIS Mattia,14,116,434,2994
CARRETERO Héctor,14,117,438,2998
FIORELLI Filippo,14,118,446,3006
ROMANO Francesco,14,119,449,3009
NOVAK Domen,14,120,451,3011
NIBALI Antonio,14,121,460,3020
CONCI Nicola,14,122,461,3021
CONTI Valerio,14,123,464,3024
TORRES Albert,14,124,465,3025
NAVARRO Daniel,14,125,466,3026
BISOLTI Alessandro,14,126,472,3032
LONARDI Giovanni,14,127,475,3035
SAGIV Guy,14,128,477,3037
CHIRICO Luca,14,129,477,3037
PADUN Mark,14,130,479,3039
BENEDETTI Cesare,14,131,480,3040
MORTON Lachlan,14,132,482,3042
DENZ Nico,14,133,483,3043
CEPEDA Jefferson Alexander,14,134,483,3043
SEPÚLVEDA Eduardo,14,135,485,3045
VAN EMPEL Etienne,14,136,486,3046
PELLAUD Simon,14,137,489,3049
SAMITIER Sergio,14,138,491,3051
CARBONI Giovanni,14,139,500,3060
RICHEZE Maximiliano,14,140,545,3105
MAZZUCCO Fabio,14,141,564,3124
MOLANO Juan Sebastián,14,142,951,3511
ULISSI Diego,13,1,0,15738
ALMEIDA João,13,2,0,15738
KONRAD Patrick,13,3,0,15738
GEOGHEGAN HART Tao,13,4,0,15738
HONORÉ Mikkel Frølich,13,5,0,15738
SAMITIER Sergio,13,6,0,15738
FUGLSANG Jakob,13,7,0,15738
BILBAO Pello,13,8,0,15738
NIBALI Vincenzo,13,9,0,15738
HINDLEY Jai,13,10,0,15738
KELDERMAN Wilco,13,11,0,15738
EDET Nicolas,13,12,0,15738
MAJKA Rafał,13,13,0,15738
GUERREIRO Ruben,13,14,0,15738
MCNULTY Brandon,13,15,0,15738
POZZOVIVO Domenico,13,16,0,15738
PEDRERO Antonio,13,17,0,15738
OOMEN Sam,13,18,0,15738
KNOX James,13,19,0,15738
MASNADA Fausto,13,20,0,15738
BALLERINI Davide,13,21,23,15761
DE GENDT Thomas,13,22,23,15761
SWIFT Ben,13,23,23,15761
SAGAN Peter,13,24,23,15761
VIVIANI Elia,13,25,39,15777
VENDRAME Andrea,13,26,41,15779
RUMAC Josip,13,27,41,15779
OLDANI Stefano,13,28,41,15779
CHIRICO Luca,13,29,41,15779
CONTI Valerio,13,30,41,15779
ZANA Filippo,13,31,41,15779
MOSCA Jacopo,13,32,41,15779
ČERNÝ Josef,13,33,41,15779
BERNARD Julien,13,34,41,15779
WARBASSE Larry,13,35,41,15779
HAMILTON Chris,13,36,41,15779
POLJAŃSKI Paweł,13,37,41,15779
FABBRO Matteo,13,38,41,15779
VALTER Attila,13,39,41,15779
PERNSTEINER Hermann,13,40,41,15779
DE LA PARTE Víctor,13,41,41,15779
PUCCIO Salvatore,13,42,41,15779
BIDARD François,13,43,41,15779
RODRÍGUEZ Óscar,13,44,41,15779
CIMOLAI Davide,13,45,41,15779
VISCONTI Giovanni,13,46,41,15779
ROMANO Francesco,13,47,41,15779
CONSONNI Simone,13,48,41,15779
PARET-PEINTRE Aurélien,13,49,41,15779
MEINTJES Louis,13,50,41,15779
BATTAGLIN Enrico,13,51,41,15779
DÉMARE Arnaud,13,52,41,15779
HAGEN Carl Fredrik,13,53,41,15779
MAŁECKI Kamil,13,54,41,15779
CASTROVIEJO Jonathan,13,55,41,15779
VILLELLA Davide,13,56,41,15779
TUSVELD Martijn,13,57,41,15779
ZAKARIN Ilnur,13,58,47,15785
GREGAARD Jonas,13,59,49,15787
SERRY Pieter,13,60,51,15789
TONELLI Alessandro,13,61,90,15828
SOBRERO Matteo,13,62,90,15828
CONCI Nicola,13,63,90,15828
O'CONNOR Ben,13,64,90,15828
RUBIO Einer Augusto,13,65,95,15833
HOLMES Matthew,13,66,100,15838
FRANKINY Kilian,13,67,111,15849
KONOVALOVAS Ignatas,13,68,118,15856
GUGLIELMI Simon,13,69,118,15856
HANSEN Jesper,13,70,129,15867
BOUCHARD Geoffrey,13,71,214,15952
ROSSETTO Stéphane,13,72,215,15953
SCOTSON Miles,13,73,232,15970
HÄNNINEN Jaakko,13,74,495,16233
NARVÁEZ Jhonatan,13,75,495,16233
NIBALI Antonio,13,76,502,16240
FELLINE Fabio,13,77,502,16240
WYSS Danilo,13,78,565,16303
HANSEN Adam,13,79,565,16303
BISOLTI Alessandro,13,80,565,16303
RAVANELLI Simone,13,81,565,16303
CEPEDA Jefferson Alexander,13,82,565,16303
CAICEDO Jonathan Klever,13,83,565,16303
CICCONE Giulio,13,84,565,16303
VANHOUCKE Harm,13,85,565,16303
SEPÚLVEDA Eduardo,13,86,565,16303
CATALDO Dario,13,87,565,16303
ROTA Lorenzo,13,88,565,16303
ARMÉE Sander,13,89,565,16303
NOVAK Domen,13,90,565,16303
KEISSE Iljo,13,91,651,16389
FRAPPORTI Marco,13,92,651,16389
SPREAFICO Matteo,13,93,651,16389
ZARDINI Edoardo,13,94,673,16411
BJERG Mikkel,13,95,800,16538
PELLAUD Simon,13,96,800,16538
BAIS Mattia,13,97,800,16538
FIORELLI Filippo,13,98,800,16538
MAZZUCCO Fabio,13,99,800,16538
ROSSKOPF Joey,13,100,800,16538
SUNDERLAND Dylan,13,101,800,16538
LONARDI Giovanni,13,102,800,16538
CAMPENAERTS Victor,13,103,800,16538
GRADEK Kamil,13,104,800,16538
TRATNIK Jan,13,105,800,16538
GHEBREIGZABHIER Amanuel,13,106,800,16538
BRAMBILLA Gianluca,13,107,800,16538
RESTREPO Jhonatan,13,108,800,16538
MOLANO Juan Sebastián,13,109,800,16538
CONTRERAS Rodrigo,13,110,800,16538
WHELAN James,13,111,800,16538
CLARKE Simon,13,112,800,16538
KANGERT Tanel,13,113,800,16538
HAAS Nathan,13,114,800,16538
DENZ Nico,13,115,800,16538
ARASHIRO Yukiya,13,116,800,16538
CARBONI Giovanni,13,117,800,16538
DENNIS Rohan,13,118,800,16538
MORTON Lachlan,13,119,800,16538
CARRETERO Héctor,13,120,800,16538
GUARNIERI Jacopo,13,121,800,16538
GANNA Filippo,13,122,800,16538
LE TURNIER Mathias,13,123,800,16538
HAGA Chad,13,124,800,16538
RICHEZE Maximiliano,13,125,800,16538
BEVILACQUA Simone,13,126,800,16538
HODEG Álvaro José,13,127,800,16538
GAVIRIA Fernando,13,128,800,16538
CAPECCHI Eros,13,129,800,16538
VAN EMPEL Etienne,13,130,800,16538
NAVARRO Daniel,13,131,800,16538
BENEDETTI Cesare,13,132,851,16589
BODNAR Maciej,13,133,851,16589
MATHIS Marco,13,134,851,16589
ZABEL Rick,13,135,851,16589
DOMBROWSKI Joe,13,136,851,16589
DOWSETT Alex,13,137,851,16589
SAGIV Guy,13,138,851,16589
BRÄNDLE Matthias,13,139,851,16589
BOARO Manuele,13,140,851,16589
DIBBEN Jonathan,13,141,851,16589
PADUN Mark,13,142,851,16589
TORRES Albert,13,143,851,16589
NARVÁEZ Jhonatan,12,1,0,19884
PADUN Mark,12,2,68,19952
CLARKE Simon,12,3,410,20294
ROSSKOPF Joey,12,4,450,20334
PELLAUD Simon,12,5,463,20347
MCNULTY Brandon,12,6,505,20389
KONRAD Patrick,12,7,505,20389
GUERREIRO Ruben,12,8,505,20389
ALMEIDA João,12,9,505,20389
GEOGHEGAN HART Tao,12,10,505,20389
MASNADA Fausto,12,11,505,20389
KELDERMAN Wilco,12,12,505,20389
HINDLEY Jai,12,13,505,20389
VAN EMPEL Etienne,12,14,505,20389
BIDARD François,12,15,505,20389
POZZOVIVO Domenico,12,16,505,20389
NIBALI Vincenzo,12,17,505,20389
HONORÉ Mikkel Frølich,12,18,505,20389
BOARO Manuele,12,19,505,20389
FUGLSANG Jakob,12,20,505,20389
MAJKA Rafał,12,21,505,20389
BILBAO Pello,12,22,505,20389
HAMILTON Chris,12,23,505,20389
PEDRERO Antonio,12,24,505,20389
O'CONNOR Ben,12,25,505,20389
HANSEN Jesper,12,26,518,20402
KNOX James,12,27,529,20413
MOSCA Jacopo,12,28,703,20587
FELLINE Fabio,12,29,703,20587
FABBRO Matteo,12,30,703,20587
PERNSTEINER Hermann,12,31,703,20587
SAMITIER Sergio,12,32,703,20587
KANGERT Tanel,12,33,703,20587
BALLERINI Davide,12,34,960,20844
TORRES Albert,12,35,960,20844
BENEDETTI Cesare,12,36,960,20844
SERRY Pieter,12,37,960,20844
SEPÚLVEDA Eduardo,12,38,960,20844
BRAMBILLA Gianluca,12,39,1250,21134
ULISSI Diego,12,40,1266,21150
MAŁECKI Kamil,12,41,1266,21150
BJERG Mikkel,12,42,1266,21150
DE LA PARTE Víctor,12,43,1266,21150
OOMEN Sam,12,44,1266,21150
ZAKARIN Ilnur,12,45,1266,21150
VALTER Attila,12,46,1266,21150
CICCONE Giulio,12,47,1266,21150
CASTROVIEJO Jonathan,12,48,1266,21150
PUCCIO Salvatore,12,49,1266,21150
HAGA Chad,12,50,1266,21150
SOBRERO Matteo,12,51,1266,21150
DENNIS Rohan,12,52,1266,21150
NIBALI Antonio,12,53,1266,21150
NOVAK Domen,12,54,1266,21150
NAVARRO Daniel,12,55,1266,21150
PARET-PEINTRE Aurélien,12,56,1266,21150
POLJAŃSKI Paweł,12,57,1266,21150
RICHEZE Maximiliano,12,58,1266,21150
SWIFT Ben,12,59,1266,21150
TUSVELD Martijn,12,60,1266,21150
CAMPENAERTS Victor,12,61,1266,21150
BERNARD Julien,12,62,1430,21314
DENZ Nico,12,63,1505,21389
TRATNIK Jan,12,64,1505,21389
CHIRICO Luca,12,65,1505,21389
RODRÍGUEZ Óscar,12,66,1505,21389
VILLELLA Davide,12,67,1505,21389
ROTA Lorenzo,12,68,1505,21389
HÄNNINEN Jaakko,12,69,1505,21389
WARBASSE Larry,12,70,1505,21389
ČERNÝ Josef,12,71,1505,21389
MEINTJES Louis,12,72,1505,21389
GANNA Filippo,12,73,1784,21668
ROSSETTO Stéphane,12,74,1784,21668
DE GENDT Thomas,12,75,1831,21715
HAGEN Carl Fredrik,12,76,1831,21715
ROMANO Francesco,12,77,1831,21715
VISCONTI Giovanni,12,78,1831,21715
CARBONI Giovanni,12,79,1831,21715
RESTREPO Jhonatan,12,80,1831,21715
RAVANELLI Simone,12,81,1831,21715
RUMAC Josip,12,82,1831,21715
CAPECCHI Eros,12,83,1831,21715
CEPEDA Jefferson Alexander,12,84,1831,21715
CATALDO Dario,12,85,1831,21715
CONCI Nicola,12,86,1831,21715
ARMÉE Sander,12,87,1831,21715
BAIS Mattia,12,88,1831,21715
SAGAN Peter,12,89,1831,21715
BODNAR Maciej,12,90,1831,21715
SUNDERLAND Dylan,12,91,1831,21715
WYSS Danilo,12,92,1831,21715
BATTAGLIN Enrico,12,93,1831,21715
MORTON Lachlan,12,94,1831,21715
WHELAN James,12,95,1831,21715
BISOLTI Alessandro,12,96,1831,21715
RUBIO Einer Augusto,12,97,1831,21715
GREGAARD Jonas,12,98,1831,21715
CONTRERAS Rodrigo,12,99,1831,21715
VENDRAME Andrea,12,100,1831,21715
ARASHIRO Yukiya,12,101,1831,21715
DOMBROWSKI Joe,12,102,1839,21723
GHEBREIGZABHIER Amanuel,12,103,2046,21930
CARRETERO Héctor,12,104,2059,21943
BOUCHARD Geoffrey,12,105,2059,21943
BRÄNDLE Matthias,12,106,2068,21952
CIMOLAI Davide,12,107,2068,21952
ZABEL Rick,12,108,2068,21952
FRANKINY Kilian,12,109,2068,21952
FRAPPORTI Marco,12,110,2068,21952
CONTI Valerio,12,111,2068,21952
MATHIS Marco,12,112,2068,21952
OLDANI Stefano,12,113,2068,21952
GRADEK Kamil,12,114,2068,21952
TONELLI Alessandro,12,115,2068,21952
SPREAFICO Matteo,12,116,2068,21952
SCOTSON Miles,12,117,2068,21952
DIBBEN Jonathan,12,118,2068,21952
BEVILACQUA Simone,12,119,2068,21952
ZANA Filippo,12,120,2068,21952
CONSONNI Simone,12,121,2068,21952
DOWSETT Alex,12,122,2068,21952
EDET Nicolas,12,123,2068,21952
HAAS Nathan,12,124,2068,21952
ZARDINI Edoardo,12,125,2068,21952
VIVIANI Elia,12,126,2068,21952
GAVIRIA Fernando,12,127,2068,21952
LONARDI Giovanni,12,128,2068,21952
DÉMARE Arnaud,12,129,2068,21952
GUARNIERI Jacopo,12,130,2068,21952
FIORELLI Filippo,12,131,2068,21952
MAZZUCCO Fabio,12,132,2068,21952
GUGLIELMI Simon,12,133,2068,21952
CAICEDO Jonathan Klever,12,134,2068,21952
LE TURNIER Mathias,12,135,2068,21952
SAGIV Guy,12,136,2068,21952
MOLANO Juan Sebastián,12,137,2068,21952
KONOVALOVAS Ignatas,12,138,2068,21952
HODEG Álvaro José,12,139,2068,21952
HOLMES Matthew,12,140,2068,21952
VANHOUCKE Harm,12,141,2068,21952
HANSEN Adam,12,142,2068,21952
KEISSE Iljo,12,143,2068,21952
DÉMARE Arnaud,11,1,0,14632
SAGAN Peter,11,2,0,14632
HODEG Álvaro José,11,3,0,14632
CONSONNI Simone,11,4,0,14632
ZABEL Rick,11,5,0,14632
DENZ Nico,11,6,0,14632
GAVIRIA Fernando,11,7,0,14632
OLDANI Stefano,11,8,0,14632
MOSCA Jacopo,11,9,0,14632
VIVIANI Elia,11,10,0,14632
VENDRAME Andrea,11,11,0,14632
LONARDI Giovanni,11,12,0,14632
GUARNIERI Jacopo,11,13,0,14632
FIORELLI Filippo,11,14,0,14632
NIBALI Vincenzo,11,15,0,14632
KELDERMAN Wilco,11,16,0,14632
MCNULTY Brandon,11,17,0,14632
SWIFT Ben,11,18,0,14632
BALLERINI Davide,11,19,0,14632
POZZOVIVO Domenico,11,20,0,14632
FELLINE Fabio,11,21,0,14632
ALMEIDA João,11,22,0,14632
MAJKA Rafał,11,23,0,14632
CAMPENAERTS Victor,11,24,0,14632
FUGLSANG Jakob,11,25,0,14632
HINDLEY Jai,11,26,0,14632
KONRAD Patrick,11,27,0,14632
OOMEN Sam,11,28,0,14632
KNOX James,11,29,0,14632
FABBRO Matteo,11,30,0,14632
BILBAO Pello,11,31,0,14632
TORRES Albert,11,32,0,14632
PUCCIO Salvatore,11,33,0,14632
ČERNÝ Josef,11,34,0,14632
GEOGHEGAN HART Tao,11,35,0,14632
CIMOLAI Davide,11,36,0,14632
SAMITIER Sergio,11,37,0,14632
MASNADA Fausto,11,38,0,14632
RICHEZE Maximiliano,11,39,0,14632
TUSVELD Martijn,11,40,0,14632
PERNSTEINER Hermann,11,41,0,14632
PEDRERO Antonio,11,42,0,14632
WARBASSE Larry,11,43,0,14632
GRADEK Kamil,11,44,0,14632
ROSSKOPF Joey,11,45,0,14632
DE LA PARTE Víctor,11,46,0,14632
SCOTSON Miles,11,47,0,14632
BERNARD Julien,11,48,0,14632
BRÄNDLE Matthias,11,49,0,14632
ARASHIRO Yukiya,11,50,0,14632
CASTROVIEJO Jonathan,11,51,0,14632
ULISSI Diego,11,52,0,14632
ZAKARIN Ilnur,11,53,0,14632
PARET-PEINTRE Aurélien,11,54,0,14632
MAŁECKI Kamil,11,55,0,14632
BEVILACQUA Simone,11,56,16,14648
BATTAGLIN Enrico,11,57,16,14648
BODNAR Maciej,11,58,16,14648
RUMAC Josip,11,59,29,14661
VALTER Attila,11,60,29,14661
HAGEN Carl Fredrik,11,61,35,14667
KEISSE Iljo,11,62,39,14671
HONORÉ Mikkel Frølich,11,63,39,14671
WYSS Danilo,11,64,39,14671
RUBIO Einer Augusto,11,65,39,14671
BIDARD François,11,66,39,14671
BJERG Mikkel,11,67,39,14671
DOWSETT Alex,11,68,49,14681
ZANA Filippo,11,69,49,14681
CARBONI Giovanni,11,70,49,14681
BOUCHARD Geoffrey,11,71,49,14681
CHIRICO Luca,11,72,49,14681
BISOLTI Alessandro,11,73,49,14681
CICCONE Giulio,11,74,60,14692
BRAMBILLA Gianluca,11,75,60,14692
VILLELLA Davide,11,76,60,14692
RODRÍGUEZ Óscar,11,77,60,14692
TONELLI Alessandro,11,78,60,14692
CONCI Nicola,11,79,60,14692
KANGERT Tanel,11,80,60,14692
HÄNNINEN Jaakko,11,81,60,14692
BOARO Manuele,11,82,60,14692
POLJAŃSKI Paweł,11,83,60,14692
BENEDETTI Cesare,11,84,60,14692
NARVÁEZ Jhonatan,11,85,60,14692
VANHOUCKE Harm,11,86,60,14692
HAMILTON Chris,11,87,60,14692
PADUN Mark,11,88,60,14692
MOLANO Juan Sebastián,11,89,60,14692
O'CONNOR Ben,11,90,60,14692
CAPECCHI Eros,11,91,60,14692
KONOVALOVAS Ignatas,11,92,89,14721
DE GENDT Thomas,11,93,102,14734
PELLAUD Simon,11,94,102,14734
HANSEN Jesper,11,95,102,14734
SERRY Pieter,11,96,102,14734
MEINTJES Louis,11,97,102,14734
HAGA Chad,11,98,102,14734
GUERREIRO Ruben,11,99,132,14764
NAVARRO Daniel,11,100,132,14764
CARRETERO Héctor,11,101,132,14764
SUNDERLAND Dylan,11,102,132,14764
CLARKE Simon,11,103,132,14764
CATALDO Dario,11,104,132,14764
CAICEDO Jonathan Klever,11,105,132,14764
SEPÚLVEDA Eduardo,11,106,132,14764
RAVANELLI Simone,11,107,132,14764
CONTRERAS Rodrigo,11,108,132,14764
SOBRERO Matteo,11,109,132,14764
NIBALI Antonio,11,110,132,14764
SAGIV Guy,11,111,132,14764
HANSEN Adam,11,112,132,14764
ARMÉE Sander,11,113,132,14764
CEPEDA Jefferson Alexander,11,114,132,14764
MORTON Lachlan,11,115,171,14803
WHELAN James,11,116,171,14803
CATAFORD Alexander,11,117,171,14803
BAIS Mattia,11,118,180,14812
GREGAARD Jonas,11,119,195,14827
FRANKINY Kilian,11,120,195,14827
GUGLIELMI Simon,11,121,195,14827
ZARDINI Edoardo,11,122,261,14893
VISCONTI Giovanni,11,123,261,14893
ROMANO Francesco,11,124,261,14893
MAZZUCCO Fabio,11,125,261,14893
EDET Nicolas,11,126,261,14893
ROSSETTO Stéphane,11,127,261,14893
VAN EMPEL Etienne,11,128,261,14893
SPREAFICO Matteo,11,129,261,14893
ROTA Lorenzo,11,130,261,14893
GHEBREIGZABHIER Amanuel,11,131,261,14893
HOLMES Matthew,11,132,261,14893
DIBBEN Jonathan,11,133,261,14893
TRATNIK Jan,11,134,261,14893
DENNIS Rohan,11,135,326,14958
GANNA Filippo,11,136,326,14958
FRAPPORTI Marco,11,137,326,14958
CONTI Valerio,11,138,326,14958
DOMBROWSKI Joe,11,139,326,14958
RESTREPO Jhonatan,11,140,326,14958
NOVAK Domen,11,141,351,14983
HAAS Nathan,11,142,488,15120
MATHIS Marco,11,143,488,15120
LE TURNIER Mathias,11,144,537,15169
SAGAN Peter,10,1,0,14516
MCNULTY Brandon,10,2,19,14535
ALMEIDA João,10,3,23,14539
SWIFT Ben,10,4,23,14539
HINDLEY Jai,10,5,23,14539
MAJKA Rafał,10,6,23,14539
KONRAD Patrick,10,7,23,14539
KELDERMAN Wilco,10,8,23,14539
POZZOVIVO Domenico,10,9,23,14539
BILBAO Pello,10,10,23,14539
GEOGHEGAN HART Tao,10,11,23,14539
NIBALI Vincenzo,10,12,23,14539
PERNSTEINER Hermann,10,13,23,14539
MASNADA Fausto,10,14,23,14539
KANGERT Tanel,10,15,50,14566
ZAKARIN Ilnur,10,16,50,14566
PEDRERO Antonio,10,17,50,14566
NARVÁEZ Jhonatan,10,18,50,14566
DENZ Nico,10,19,98,14614
ULISSI Diego,10,20,98,14614
FUGLSANG Jakob,10,21,98,14614
HONORÉ Mikkel Frølich,10,22,98,14614
MOSCA Jacopo,10,23,98,14614
CONCI Nicola,10,24,98,14614
OOMEN Sam,10,25,98,14614
FABBRO Matteo,10,26,98,14614
SAMITIER Sergio,10,27,98,14614
KNOX James,10,28,98,14614
HAMILTON Chris,10,29,98,14614
PARET-PEINTRE Aurélien,10,30,98,14614
CASTROVIEJO Jonathan,10,31,98,14614
VALTER Attila,10,32,131,14647
VILLELLA Davide,10,33,131,14647
GREGAARD Jonas,10,34,137,14653
RESTREPO Jhonatan,10,35,239,14755
VANHOUCKE Harm,10,36,239,14755
MEINTJES Louis,10,37,239,14755
SERRY Pieter,10,38,239,14755
GANNA Filippo,10,39,239,14755
NIBALI Antonio,10,40,239,14755
FELLINE Fabio,10,41,361,14877
WARBASSE Larry,10,42,529,15045
VENDRAME Andrea,10,43,529,15045
O'CONNOR Ben,10,44,529,15045
CATALDO Dario,10,45,529,15045
DE LA PARTE Víctor,10,46,529,15045
NOVAK Domen,10,47,747,15263
CLARKE Simon,10,48,747,15263
DENNIS Rohan,10,49,755,15271
CARBONI Giovanni,10,50,775,15291
DE GENDT Thomas,10,51,775,15291
BAIS Mattia,10,52,775,15291
ARMÉE Sander,10,53,775,15291
BJERG Mikkel,10,54,928,15444
VISCONTI Giovanni,10,55,928,15444
WHELAN James,10,56,951,15467
BERNARD Julien,10,57,951,15467
CARRETERO Héctor,10,58,951,15467
GUERREIRO Ruben,10,59,951,15467
CAMPENAERTS Victor,10,60,951,15467
HANSEN Adam,10,61,951,15467
ROTA Lorenzo,10,62,951,15467
CONTI Valerio,10,63,951,15467
CONSONNI Simone,10,64,951,15467
CICCONE Giulio,10,65,951,15467
ZANA Filippo,10,66,951,15467
ROMANO Francesco,10,67,951,15467
HAGEN Carl Fredrik,10,68,951,15467
BISOLTI Alessandro,10,69,951,15467
TONELLI Alessandro,10,70,951,15467
VAN EMPEL Etienne,10,71,951,15467
POLJAŃSKI Paweł,10,72,951,15467
BOARO Manuele,10,73,951,15467
BENEDETTI Cesare,10,74,951,15467
BODNAR Maciej,10,75,951,15467
WYSS Danilo,10,76,951,15467
SOBRERO Matteo,10,77,951,15467
SUNDERLAND Dylan,10,78,951,15467
ZARDINI Edoardo,10,79,951,15467
TUSVELD Martijn,10,80,951,15467
RUBIO Einer Augusto,10,81,951,15467
HAGA Chad,10,82,951,15467
NAVARRO Daniel,10,83,951,15467
HANSEN Jesper,10,84,951,15467
ROSSKOPF Joey,10,85,951,15467
HÄNNINEN Jaakko,10,86,951,15467
RODRÍGUEZ Óscar,10,87,951,15467
CONTRERAS Rodrigo,10,88,951,15467
PUCCIO Salvatore,10,89,951,15467
BOUCHARD Geoffrey,10,90,951,15467
BATTAGLIN Enrico,10,91,951,15467
BIDARD François,10,92,951,15467
EDET Nicolas,10,93,951,15467
BRAMBILLA Gianluca,10,94,951,15467
GHEBREIGZABHIER Amanuel,10,95,951,15467
RAVANELLI Simone,10,96,951,15467
PELLAUD Simon,10,97,951,15467
SEPÚLVEDA Eduardo,10,98,951,15467
TORRES Albert,10,99,951,15467
LE TURNIER Mathias,10,100,951,15467
CAICEDO Jonathan Klever,10,101,951,15467
CEPEDA Jefferson Alexander,10,102,951,15467
CHIRICO Luca,10,103,951,15467
CAPECCHI Eros,10,104,951,15467
ARASHIRO Yukiya,10,105,951,15467
ROSSETTO Stéphane,10,106,1251,15767
MAŁECKI Kamil,10,107,1251,15767
HAAS Nathan,10,108,1251,15767
ZABEL Rick,10,109,1251,15767
RUMAC Josip,10,110,1251,15767
TRATNIK Jan,10,111,1251,15767
SAGIV Guy,10,112,1251,15767
BEVILACQUA Simone,10,113,1251,15767
MATHIS Marco,10,114,1251,15767
KEISSE Iljo,10,115,1251,15767
VIVIANI Elia,10,116,1251,15767
HODEG Álvaro José,10,117,1251,15767
GRADEK Kamil,10,118,1251,15767
OLDANI Stefano,10,119,1251,15767
BALLERINI Davide,10,120,1251,15767
MORTON Lachlan,10,121,1251,15767
LONARDI Giovanni,10,122,1251,15767
MAZZUCCO Fabio,10,123,1251,15767
CATAFORD Alexander,10,124,1251,15767
DOWSETT Alex,10,125,1251,15767
HOLMES Matthew,10,126,1251,15767
DIBBEN Jonathan,10,127,1251,15767
SCOTSON Miles,10,128,1312,15828
GUARNIERI Jacopo,10,129,1312,15828
KONOVALOVAS Ignatas,10,130,1312,15828
DÉMARE Arnaud,10,131,1312,15828
FRANKINY Kilian,10,132,1312,15828
GUGLIELMI Simon,10,133,1312,15828
CIMOLAI Davide,10,134,1312,15828
RICHEZE Maximiliano,10,135,1312,15828
MOLANO Juan Sebastián,10,136,1312,15828
FIORELLI Filippo,10,137,1312,15828
FRAPPORTI Marco,10,138,1312,15828
SPREAFICO Matteo,10,139,1312,15828
GAVIRIA Fernando,10,140,1312,15828
PADUN Mark,10,141,1312,15828
ČERNÝ Josef,10,142,1312,15828
BRÄNDLE Matthias,10,143,1312,15828
DOMBROWSKI Joe,10,144,1329,15845
GUERREIRO Ruben,9,1,0,20480
CASTROVIEJO Jonathan,9,2,8,20488
BJERG Mikkel,9,3,58,20538
FRANKINY Kilian,9,4,76,20556
WARBASSE Larry,9,5,76,20556
GEOGHEGAN HART Tao,9,6,79,20559
HAMILTON Lucas,9,7,92,20572
KELDERMAN Wilco,9,8,98,20578
FUGLSANG Jakob,9,9,98,20578
HINDLEY Jai,9,10,98,20578
MAJKA Rafał,9,11,101,20581
KONRAD Patrick,9,12,101,20581
MCNULTY Brandon,9,13,104,20584
POZZOVIVO Domenico,9,14,104,20584
MASNADA Fausto,9,15,110,20590
NIBALI Vincenzo,9,16,112,20592
BILBAO Pello,9,17,112,20592
VALTER Attila,9,18,115,20595
ALMEIDA João,9,19,116,20596
PERNSTEINER Hermann,9,20,116,20596
FOSS Tobias,9,21,116,20596
BOUWMAN Koen,9,22,119,20599
VANHOUCKE Harm,9,23,119,20599
KRUIJSWIJK Steven,9,24,119,20599
DOMBROWSKI Joe,9,25,121,20601
ZAKARIN Ilnur,9,26,128,20608
BRAMBILLA Gianluca,9,27,137,20617
SWIFT Ben,9,28,145,20625
PEDRERO Antonio,9,29,147,20627
PARET-PEINTRE Aurélien,9,30,147,20627
CICCONE Giulio,9,31,158,20638
NARVÁEZ Jhonatan,9,32,161,20641
KNOX James,9,33,163,20643
POLJAŃSKI Paweł,9,34,186,20666
OOMEN Sam,9,35,194,20674
FELLINE Fabio,9,36,203,20683
HAMILTON Chris,9,37,209,20689
SAMITIER Sergio,9,38,230,20710
NOVAK Domen,9,39,240,20720
SEPÚLVEDA Eduardo,9,40,242,20722
TUSVELD Martijn,9,41,272,20752
HARPER Chris,9,42,298,20778
VILLELLA Davide,9,43,373,20853
NIBALI Antonio,9,44,388,20868
EDET Nicolas,9,45,412,20892
DE GENDT Thomas,9,46,412,20892
HONORÉ Mikkel Frølich,9,47,423,20903
BATTAGLIN Enrico,9,48,423,20903
FABBRO Matteo,9,49,423,20903
TONELLI Alessandro,9,50,423,20903
BIDARD François,9,51,423,20903
MOSCA Jacopo,9,52,423,20903
HAIG Jack,9,53,436,20916
DENZ Nico,9,54,441,20921
SERRY Pieter,9,55,442,20922
ARMÉE Sander,9,56,515,20995
MEINTJES Louis,9,57,530,21010
PADUN Mark,9,58,561,21041
GREGAARD Jonas,9,59,591,21071
NAVARRO Daniel,9,60,591,21071
RODRÍGUEZ Óscar,9,61,591,21071
ULISSI Diego,9,62,601,21081
HAGA Chad,9,63,653,21133
MATTHEWS Michael,9,64,653,21133
DE LA PARTE Víctor,9,65,655,21135
CRADDOCK Lawson,9,66,669,21149
MEYER Cameron,9,67,675,21155
BOARO Manuele,9,68,750,21230
DENNIS Rohan,9,69,756,21236
O'CONNOR Ben,9,70,756,21236
CONCI Nicola,9,71,818,21298
PFINGSTEN Christoph,9,72,905,21385
TOLHOEK Antwan,9,73,952,21432
HAGEN Carl Fredrik,9,74,969,21449
RUMAC Josip,9,75,969,21449
KANGERT Tanel,9,76,969,21449
ARASHIRO Yukiya,9,77,969,21449
CAICEDO Jonathan Klever,9,78,973,21453
BERNARD Julien,9,79,973,21453
TRATNIK Jan,9,80,973,21453
MAŁECKI Kamil,9,81,973,21453
RUBIO Einer Augusto,9,82,973,21453
CEPEDA Jefferson Alexander,9,83,980,21460
CHIRICO Luca,9,84,992,21472
ZARDINI Edoardo,9,85,993,21473
VENDRAME Andrea,9,86,1066,21546
VISCONTI Giovanni,9,87,1071,21551
HÄNNINEN Jaakko,9,88,1126,21606
CLARKE Simon,9,89,1126,21606
WYSS Danilo,9,90,1126,21606
CARBONI Giovanni,9,91,1126,21606
RAVANELLI Simone,9,92,1126,21606
BISOLTI Alessandro,9,93,1126,21606
PUCCIO Salvatore,9,94,1132,21612
VIVIANI Elia,9,95,1132,21612
SAGAN Peter,9,96,1132,21612
BENEDETTI Cesare,9,97,1132,21612
GANNA Filippo,9,98,1132,21612
ROMANO Francesco,9,99,1132,21612
VAN EMDEN Jos,9,100,1132,21612
BODNAR Maciej,9,101,1132,21612
SOBRERO Matteo,9,102,1132,21612
HANSEN Jesper,9,103,1132,21612
PELLAUD Simon,9,104,1132,21612
GRADEK Kamil,9,105,1132,21612
ČERNÝ Josef,9,106,1132,21612
RESTREPO Jhonatan,9,107,1132,21612
HANSEN Adam,9,108,1132,21612
ROSSKOPF Joey,9,109,1132,21612
GHEBREIGZABHIER Amanuel,9,110,1132,21612
OLDANI Stefano,9,111,1132,21612
HOWSON Damien,9,112,1132,21612
CAPECCHI Eros,9,113,1132,21612
ROTA Lorenzo,9,114,1142,21622
LE TURNIER Mathias,9,115,1142,21622
BOUCHARD Geoffrey,9,116,1142,21622
VAN EMPEL Etienne,9,117,1142,21622
HAAS Nathan,9,118,1163,21643
BALLERINI Davide,9,119,1263,21743
ZANA Filippo,9,120,1606,22086
SPREAFICO Matteo,9,121,1619,22099
BAIS Mattia,9,122,1622,22102
CARRETERO Héctor,9,123,1808,22288
CATALDO Dario,9,124,1808,22288
TORRES Albert,9,125,1808,22288
ROSSETTO Stéphane,9,126,1810,22290
FIORELLI Filippo,9,127,1889,22369
WHELAN James,9,128,1889,22369
CONTI Valerio,9,129,1889,22369
LONARDI Giovanni,9,130,1889,22369
HEPBURN Michael,9,131,1889,22369
MAZZUCCO Fabio,9,132,1889,22369
MORTON Lachlan,9,133,1892,22372
CIMOLAI Davide,9,134,1895,22375
BEVILACQUA Simone,9,135,1895,22375
ZABEL Rick,9,136,1895,22375
MATHIS Marco,9,137,1895,22375
GAVIRIA Fernando,9,138,1895,22375
CONTRERAS Rodrigo,9,139,1895,22375
CAMPENAERTS Victor,9,140,1895,22375
CATAFORD Alexander,9,141,1895,22375
SCOTSON Miles,9,142,1895,22375
HOLMES Matthew,9,143,1895,22375
HODEG Álvaro José,9,144,1900,22380
FRAPPORTI Marco,9,145,1900,22380
RICHEZE Maximiliano,9,146,1901,22381
MOLANO Juan Sebastián,9,147,1903,22383
CONSONNI Simone,9,148,1903,22383
DIBBEN Jonathan,9,149,1903,22383
KEISSE Iljo,9,150,1903,22383
GUGLIELMI Simon,9,151,1903,22383
DÉMARE Arnaud,9,152,1907,22387
GUARNIERI Jacopo,9,153,1907,22387
KONOVALOVAS Ignatas,9,154,1909,22389
SUNDERLAND Dylan,9,155,2022,22502
SINKELDAM Ramon,9,156,2418,22898
MARTIN Tony,9,157,2421,22901
BRÄNDLE Matthias,9,158,2421,22901
SAGIV Guy,9,159,2421,22901
DOWSETT Alex,9,160,2423,22903
DOWSETT Alex,8,1,0,17409
PUCCIO Salvatore,8,2,75,17484
HOLMES Matthew,8,3,75,17484
ROSSKOPF Joey,8,4,75,17484
BRÄNDLE Matthias,8,5,130,17539
RAVANELLI Simone,8,6,133,17542
MATTHEWS Michael,8,7,836,18245
GAVIRIA Fernando,8,8,836,18245
BJERG Mikkel,8,9,836,18245
VENDRAME Andrea,8,10,836,18245
BALLERINI Davide,8,11,836,18245
VIVIANI Elia,8,12,836,18245
BARBIER Rudy,8,13,836,18245
DENZ Nico,8,14,836,18245
LONARDI Giovanni,8,15,836,18245
ZABEL Rick,8,16,836,18245
ALMEIDA João,8,17,836,18245
BENEDETTI Cesare,8,18,836,18245
ARMÉE Sander,8,19,836,18245
MASNADA Fausto,8,20,836,18245
OLDANI Stefano,8,21,836,18245
RUMAC Josip,8,22,836,18245
VALTER Attila,8,23,836,18245
RESTREPO Jhonatan,8,24,836,18245
SWIFT Ben,8,25,836,18245
FUGLSANG Jakob,8,26,836,18245
OOMEN Sam,8,27,836,18245
MATHIS Marco,8,28,836,18245
HONORÉ Mikkel Frølich,8,29,836,18245
BILBAO Pello,8,30,836,18245
HINDLEY Jai,8,31,836,18245
CONSONNI Simone,8,32,836,18245
VILLELLA Davide,8,33,836,18245
MOSCA Jacopo,8,34,836,18245
NIBALI Vincenzo,8,35,836,18245
KONRAD Patrick,8,36,836,18245
PEDRERO Antonio,8,37,836,18245
FELLINE Fabio,8,38,836,18245
SUNDERLAND Dylan,8,39,836,18245
BATTAGLIN Enrico,8,40,836,18245
HAMILTON Lucas,8,41,836,18245
ROTA Lorenzo,8,42,836,18245
SPREAFICO Matteo,8,43,836,18245
ULISSI Diego,8,44,836,18245
PFINGSTEN Christoph,8,45,836,18245
MAJKA Rafał,8,46,836,18245
WYSS Danilo,8,47,836,18245
POZZOVIVO Domenico,8,48,836,18245
VAN EMPEL Etienne,8,49,836,18245
VANHOUCKE Harm,8,50,836,18245
TORRES Albert,8,51,836,18245
SAGIV Guy,8,52,836,18245
HANSEN Adam,8,53,836,18245
PERNSTEINER Hermann,8,54,836,18245
MCNULTY Brandon,8,55,836,18245
KELDERMAN Wilco,8,56,836,18245
HAGEN Carl Fredrik,8,57,836,18245
SAMITIER Sergio,8,58,836,18245
DE LA PARTE Víctor,8,59,836,18245
MAŁECKI Kamil,8,60,836,18245
BOARO Manuele,8,61,836,18245
CASTROVIEJO Jonathan,8,62,836,18245
HODEG Álvaro José,8,63,836,18245
GUERREIRO Ruben,8,64,836,18245
O'CONNOR Ben,8,65,836,18245
GEOGHEGAN HART Tao,8,66,836,18245
VAN EMDEN Jos,8,67,836,18245
BERNARD Julien,8,68,836,18245
KRUIJSWIJK Steven,8,69,836,18245
KNOX James,8,70,836,18245
BOUWMAN Koen,8,71,836,18245
ZANA Filippo,8,72,836,18245
TUSVELD Martijn,8,73,836,18245
HEPBURN Michael,8,74,836,18245
ZAKARIN Ilnur,8,75,836,18245
CONCI Nicola,8,76,836,18245
PARET-PEINTRE Aurélien,8,77,836,18245
BIDARD François,8,78,836,18245
WARBASSE Larry,8,79,836,18245
FOSS Tobias,8,80,836,18245
NIBALI Antonio,8,81,836,18245
KANGERT Tanel,8,82,836,18245
DOMBROWSKI Joe,8,83,836,18245
HAGA Chad,8,84,836,18245
MAZZUCCO Fabio,8,85,836,18245
BOUCHARD Geoffrey,8,86,836,18245
RODRÍGUEZ Óscar,8,87,836,18245
BISOLTI Alessandro,8,88,836,18245
BAIS Mattia,8,89,836,18245
HÄNNINEN Jaakko,8,90,836,18245
SERRY Pieter,8,91,836,18245
CATAFORD Alexander,8,92,836,18245
HARPER Chris,8,93,836,18245
SEPÚLVEDA Eduardo,8,94,836,18245
ARASHIRO Yukiya,8,95,836,18245
EDET Nicolas,8,96,836,18245
ČERNÝ Josef,8,97,836,18245
HAMILTON Chris,8,98,836,18245
PADUN Mark,8,99,836,18245
SAGAN Peter,8,100,836,18245
NAVARRO Daniel,8,101,849,18258
ROSSETTO Stéphane,8,102,860,18269
DE GENDT Thomas,8,103,860,18269
CHIRICO Luca,8,104,860,18269
KOCHETKOV Pavel,8,105,860,18269
HANSEN Jesper,8,106,860,18269
LE TURNIER Mathias,8,107,866,18275
VISCONTI Giovanni,8,108,866,18275
GREGAARD Jonas,8,109,866,18275
TOLHOEK Antwan,8,110,866,18275
POLJAŃSKI Paweł,8,111,866,18275
GRADEK Kamil,8,112,866,18275
BODNAR Maciej,8,113,866,18275
ROMANO Francesco,8,114,866,18275
RUBIO Einer Augusto,8,115,866,18275
PELLAUD Simon,8,116,866,18275
CAMPENAERTS Victor,8,117,866,18275
CICCONE Giulio,8,118,866,18275
TONELLI Alessandro,8,119,866,18275
WHELAN James,8,120,866,18275
BRAMBILLA Gianluca,8,121,866,18275
MOLANO Juan Sebastián,8,122,866,18275
RICHEZE Maximiliano,8,123,866,18275
CATALDO Dario,8,124,866,18275
CONTRERAS Rodrigo,8,125,866,18275
FIORELLI Filippo,8,126,866,18275
DENNIS Rohan,8,127,866,18275
CLARKE Simon,8,128,866,18275
FRANKINY Kilian,8,129,866,18275
MEYER Cameron,8,130,866,18275
BEVILACQUA Simone,8,131,866,18275
CRADDOCK Lawson,8,132,866,18275
FABBRO Matteo,8,133,866,18275
HOWSON Damien,8,134,866,18275
CARRETERO Héctor,8,135,866,18275
FRAPPORTI Marco,8,136,866,18275
HAIG Jack,8,137,866,18275
MEINTJES Louis,8,138,866,18275
NARVÁEZ Jhonatan,8,139,866,18275
CAICEDO Jonathan Klever,8,140,866,18275
CIMOLAI Davide,8,141,866,18275
MORTON Lachlan,8,142,866,18275
HAAS Nathan,8,143,866,18275
CAPECCHI Eros,8,144,866,18275
SOBRERO Matteo,8,145,866,18275
CEPEDA Jefferson Alexander,8,146,866,18275
TRATNIK Jan,8,147,866,18275
GANNA Filippo,8,148,866,18275
CONTI Valerio,8,149,866,18275
CARBONI Giovanni,8,150,875,18284
ZARDINI Edoardo,8,151,887,18296
MARTIN Tony,8,152,890,18299
GUGLIELMI Simon,8,153,890,18299
SINKELDAM Ramon,8,154,1036,18445
SCOTSON Miles,8,155,1036,18445
GUARNIERI Jacopo,8,156,1036,18445
DÉMARE Arnaud,8,157,1036,18445
KONOVALOVAS Ignatas,8,158,1036,18445
KEISSE Iljo,8,159,1036,18445
GHEBREIGZABHIER Amanuel,8,160,1036,18445
NOVAK Domen,8,161,1036,18445
DIBBEN Jonathan,8,162,1036,18445
DÉMARE Arnaud,7,1,0,10048
SAGAN Peter,7,2,0,10048
MATTHEWS Michael,7,3,0,10048
SWIFT Ben,7,4,0,10048
HODEG Álvaro José,7,5,0,10048
BARBIER Rudy,7,6,0,10048
BALLERINI Davide,7,7,0,10048
BATTAGLIN Enrico,7,8,0,10048
FIORELLI Filippo,7,9,0,10048
VIVIANI Elia,7,10,0,10048
GAVIRIA Fernando,7,11,0,10048
LONARDI Giovanni,7,12,0,10048
BJERG Mikkel,7,13,0,10048
ČERNÝ Josef,7,14,0,10048
OOMEN Sam,7,15,0,10048
ALMEIDA João,7,16,0,10048
KELDERMAN Wilco,7,17,0,10048
MCNULTY Brandon,7,18,0,10048
MAJKA Rafał,7,19,0,10048
PFINGSTEN Christoph,7,20,0,10048
KRUIJSWIJK Steven,7,21,0,10048
RICHEZE Maximiliano,7,22,0,10048
GUARNIERI Jacopo,7,23,0,10048
KONRAD Patrick,7,24,0,10048
POZZOVIVO Domenico,7,25,0,10048
MOSCA Jacopo,7,26,0,10048
NIBALI Vincenzo,7,27,0,10048
HINDLEY Jai,7,28,0,10048
ZABEL Rick,7,29,0,10048
BILBAO Pello,7,30,0,10048
ROMANO Francesco,7,31,0,10048
FELLINE Fabio,7,32,0,10048
HARPER Chris,7,33,0,10048
FUGLSANG Jakob,7,34,0,10048
ZAKARIN Ilnur,7,35,0,10048
PEDRERO Antonio,7,36,0,10048
HAMILTON Lucas,7,37,0,10048
MASNADA Fausto,7,38,0,10048
CATALDO Dario,7,39,0,10048
KNOX James,7,40,0,10048
PUCCIO Salvatore,7,41,0,10048
VANHOUCKE Harm,7,42,0,10048
PADUN Mark,7,43,0,10048
PERNSTEINER Hermann,7,44,0,10048
ARMÉE Sander,7,45,0,10048
YATES Simon,7,46,0,10048
DOMBROWSKI Joe,7,47,0,10048
WARBASSE Larry,7,48,0,10048
GEOGHEGAN HART Tao,7,49,0,10048
SAMITIER Sergio,7,50,0,10048
CONSONNI Simone,7,51,0,10048
PARET-PEINTRE Aurélien,7,52,0,10048
BOUWMAN Koen,7,53,0,10048
SEPÚLVEDA Eduardo,7,54,0,10048
ULISSI Diego,7,55,0,10048
RUMAC Josip,7,56,0,10048
SCOTSON Miles,7,57,0,10048
RESTREPO Jhonatan,7,58,0,10048
DENZ Nico,7,59,0,10048
CASTROVIEJO Jonathan,7,60,0,10048
HAGEN Carl Fredrik,7,61,0,10048
SINKELDAM Ramon,7,62,0,10048
VENDRAME Andrea,7,63,0,10048
TORRES Albert,7,64,0,10048
SPREAFICO Matteo,7,65,0,10048
VAN EMDEN Jos,7,66,0,10048
ARASHIRO Yukiya,7,67,0,10048
MOLANO Juan Sebastián,7,68,0,10048
BIDARD François,7,69,23,10071
NAVARRO Daniel,7,70,28,10076
BOUCHARD Geoffrey,7,71,28,10076
VALTER Attila,7,72,28,10076
DE LA PARTE Víctor,7,73,28,10076
ROSSKOPF Joey,7,74,28,10076
FOSS Tobias,7,75,28,10076
CARBONI Giovanni,7,76,28,10076
GASTAUER Ben,7,77,28,10076
HÄNNINEN Jaakko,7,78,28,10076
HANSEN Jesper,7,79,28,10076
WYSS Danilo,7,80,28,10076
CAMPENAERTS Victor,7,81,28,10076
BOARO Manuele,7,82,28,10076
TUSVELD Martijn,7,83,28,10076
MATHIS Marco,7,84,28,10076
HEPBURN Michael,7,85,28,10076
KANGERT Tanel,7,86,28,10076
BRÄNDLE Matthias,7,87,28,10076
HANSEN Adam,7,88,28,10076
BERNARD Julien,7,89,28,10076
HONORÉ Mikkel Frølich,7,90,28,10076
HAGA Chad,7,91,28,10076
BODNAR Maciej,7,92,28,10076
CAPECCHI Eros,7,93,28,10076
POLJAŃSKI Paweł,7,94,36,10084
BEVILACQUA Simone,7,95,39,10087
ROSSETTO Stéphane,7,96,46,10094
BISOLTI Alessandro,7,97,46,10094
PELLAUD Simon,7,98,46,10094
GRADEK Kamil,7,99,46,10094
KONOVALOVAS Ignatas,7,100,50,10098
KEISSE Iljo,7,101,55,10103
HAAS Nathan,7,102,55,10103
HAMILTON Chris,7,103,58,10106
GUERREIRO Ruben,7,104,58,10106
RODRÍGUEZ Óscar,7,105,68,10116
CIMOLAI Davide,7,106,68,10116
CATAFORD Alexander,7,107,70,10118
SAGIV Guy,7,108,70,10118
VILLELLA Davide,7,109,75,10123
VISCONTI Giovanni,7,110,75,10123
ZANA Filippo,7,111,75,10123
CLARKE Simon,7,112,75,10123
HAIG Jack,7,113,75,10123
MAŁECKI Kamil,7,114,75,10123
CAICEDO Jonathan Klever,7,115,75,10123
DE GENDT Thomas,7,116,75,10123
CICCONE Giulio,7,117,75,10123
MEYER Cameron,7,118,75,10123
TONELLI Alessandro,7,119,75,10123
OLDANI Stefano,7,120,75,10123
BRAMBILLA Gianluca,7,121,75,10123
MAZZUCCO Fabio,7,122,75,10123
SOBRERO Matteo,7,123,75,10123
CONCI Nicola,7,124,75,10123
FRANKINY Kilian,7,125,75,10123
KOCHETKOV Pavel,7,126,75,10123
NARVÁEZ Jhonatan,7,127,75,10123
RAVANELLI Simone,7,128,75,10123
BAIS Mattia,7,129,75,10123
GUGLIELMI Simon,7,130,75,10123
TRATNIK Jan,7,131,75,10123
CARRETERO Héctor,7,132,75,10123
NIBALI Antonio,7,133,75,10123
RUBIO Einer Augusto,7,134,107,10155
EDET Nicolas,7,135,111,10159
DOWSETT Alex,7,136,111,10159
SERRY Pieter,7,137,111,10159
TOLHOEK Antwan,7,138,111,10159
LE TURNIER Mathias,7,139,111,10159
VAN EMPEL Etienne,7,140,111,10159
WHELAN James,7,141,115,10163
O'CONNOR Ben,7,142,115,10163
MEINTJES Louis,7,143,115,10163
BENEDETTI Cesare,7,144,115,10163
MORTON Lachlan,7,145,115,10163
CONTI Valerio,7,146,115,10163
FABBRO Matteo,7,147,115,10163
CEPEDA Jefferson Alexander,7,148,115,10163
CHIRICO Luca,7,149,126,10174
AFFINI Edoardo,7,150,137,10185
GANNA Filippo,7,151,137,10185
MARTIN Tony,7,152,141,10189
CRADDOCK Lawson,7,153,153,10201
FRAPPORTI Marco,7,154,159,10207
ROTA Lorenzo,7,155,159,10207
ZARDINI Edoardo,7,156,172,10220
GREGAARD Jonas,7,157,183,10231
DIBBEN Jonathan,7,158,183,10231
DENNIS Rohan,7,159,204,10252
HOWSON Damien,7,160,344,10392
NOVAK Domen,7,161,345,10393
GAMPER Patrick,7,162,345,10393
CONTRERAS Rodrigo,7,163,345,10393
BENNETT Sean,7,164,453,10501
HOLMES Matthew,7,165,657,10705
SUNDERLAND Dylan,7,166,910,10958
GHEBREIGZABHIER Amanuel,7,167,1057,11105
GALLOPIN Tony,7,168,1287,11335
DÉMARE Arnaud,6,1,0,17678
MATTHEWS Michael,6,2,0,17678
FELLINE Fabio,6,3,0,17678
MOLANO Juan Sebastián,6,4,0,17678
CIMOLAI Davide,6,5,0,17678
VENDRAME Andrea,6,6,0,17678
HONORÉ Mikkel Frølich,6,7,0,17678
SAGAN Peter,6,8,0,17678
BATTAGLIN Enrico,6,9,0,17678
NARVÁEZ Jhonatan,6,10,0,17678
BALLERINI Davide,6,11,0,17678
BRAMBILLA Gianluca,6,12,0,17678
CLARKE Simon,6,13,0,17678
FUGLSANG Jakob,6,14,0,17678
FIORELLI Filippo,6,15,0,17678
ULISSI Diego,6,16,0,17678
MAJKA Rafał,6,17,0,17678
OOMEN Sam,6,18,0,17678
KONRAD Patrick,6,19,0,17678
CONSONNI Simone,6,20,0,17678
GUERREIRO Ruben,6,21,0,17678
HAMILTON Lucas,6,22,0,17678
BILBAO Pello,6,23,0,17678
HINDLEY Jai,6,24,0,17678
ALMEIDA João,6,25,0,17678
NIBALI Vincenzo,6,26,0,17678
POZZOVIVO Domenico,6,27,0,17678
KELDERMAN Wilco,6,28,0,17678
VALTER Attila,6,29,0,17678
MASNADA Fausto,6,30,0,17678
VANHOUCKE Harm,6,31,0,17678
KRUIJSWIJK Steven,6,32,0,17678
SAMITIER Sergio,6,33,0,17678
YATES Simon,6,34,0,17678
MCNULTY Brandon,6,35,0,17678
KNOX James,6,36,0,17678
ZAKARIN Ilnur,6,37,0,17678
BOUWMAN Koen,6,38,0,17678
PERNSTEINER Hermann,6,39,0,17678
PARET-PEINTRE Aurélien,6,40,0,17678
TUSVELD Martijn,6,41,0,17678
HARPER Chris,6,42,0,17678
GEOGHEGAN HART Tao,6,43,0,17678
ROMANO Francesco,6,44,0,17678
DOMBROWSKI Joe,6,45,0,17678
CASTROVIEJO Jonathan,6,46,0,17678
SWIFT Ben,6,47,0,17678
GALLOPIN Tony,6,48,0,17678
ROSSETTO Stéphane,6,49,0,17678
FABBRO Matteo,6,50,0,17678
BISOLTI Alessandro,6,51,0,17678
MOSCA Jacopo,6,52,0,17678
WARBASSE Larry,6,53,0,17678
TRATNIK Jan,6,54,0,17678
HAGEN Carl Fredrik,6,55,0,17678
HOWSON Damien,6,56,0,17678
KONOVALOVAS Ignatas,6,57,0,17678
GUGLIELMI Simon,6,58,0,17678
HÄNNINEN Jaakko,6,59,0,17678
GASTAUER Ben,6,60,20,17698
RUMAC Josip,6,61,20,17698
OLDANI Stefano,6,62,20,17698
BENNETT Sean,6,63,23,17701
KOCHETKOV Pavel,6,64,23,17701
CAICEDO Jonathan Klever,6,65,25,17703
CONCI Nicola,6,66,25,17703
GHEBREIGZABHIER Amanuel,6,67,34,17712
VILLELLA Davide,6,68,37,17715
PEDRERO Antonio,6,69,0,17678
VISCONTI Giovanni,6,70,42,17720
MAŁECKI Kamil,6,71,42,17720
RUBIO Einer Augusto,6,72,44,17722
ZARDINI Edoardo,6,73,46,17724
BIDARD François,6,74,46,17724
NAVARRO Daniel,6,75,67,17745
HEPBURN Michael,6,76,81,17759
ROSSKOPF Joey,6,77,81,17759
WYSS Danilo,6,78,81,17759
ARMÉE Sander,6,79,92,17770
ARASHIRO Yukiya,6,80,92,17770
FRANKINY Kilian,6,81,92,17770
SERRY Pieter,6,82,92,17770
DE LA PARTE Víctor,6,83,92,17770
MEYER Cameron,6,84,92,17770
TONELLI Alessandro,6,85,106,17784
CARBONI Giovanni,6,86,106,17784
NIBALI Antonio,6,87,106,17784
DE GENDT Thomas,6,88,106,17784
VAN EMPEL Etienne,6,89,106,17784
EDET Nicolas,6,90,117,17795
BERNARD Julien,6,91,117,17795
CICCONE Giulio,6,92,117,17795
HANSEN Jesper,6,93,117,17795
BODNAR Maciej,6,94,117,17795
CEPEDA Jefferson Alexander,6,95,132,17810
CAMPENAERTS Victor,6,96,132,17810
PELLAUD Simon,6,97,136,17814
RODRÍGUEZ Óscar,6,98,143,17821
GUARNIERI Jacopo,6,99,144,17822
SCOTSON Miles,6,100,144,17822
VAN EMDEN Jos,6,101,144,17822
PFINGSTEN Christoph,6,102,144,17822
PADUN Mark,6,103,147,17825
SEPÚLVEDA Eduardo,6,104,147,17825
BOARO Manuele,6,105,153,17831
CAPECCHI Eros,6,106,155,17833
GAVIRIA Fernando,6,107,155,17833
CATALDO Dario,6,108,155,17833
ČERNÝ Josef,6,109,155,17833
SOBRERO Matteo,6,110,155,17833
GREGAARD Jonas,6,111,162,17840
HAGA Chad,6,112,162,17840
DENNIS Rohan,6,113,166,17844
GANNA Filippo,6,114,166,17844
BOUCHARD Geoffrey,6,115,166,17844
CONTI Valerio,6,116,166,17844
TOLHOEK Antwan,6,117,166,17844
FOSS Tobias,6,118,166,17844
HAIG Jack,6,119,166,17844
CONTRERAS Rodrigo,6,120,166,17844
O'CONNOR Ben,6,121,166,17844
LE TURNIER Mathias,6,122,166,17844
RAVANELLI Simone,6,123,210,17888
HAAS Nathan,6,124,210,17888
ZABEL Rick,6,125,210,17888
MARTIN Tony,6,126,210,17888
CHIRICO Luca,6,127,210,17888
AFFINI Edoardo,6,128,210,17888
POLJAŃSKI Paweł,6,129,212,17890
CATAFORD Alexander,6,130,221,17899
HANSEN Adam,6,131,232,17910
DENZ Nico,6,132,240,17918
HAMILTON Chris,6,133,240,17918
GRADEK Kamil,6,134,240,17918
RICHEZE Maximiliano,6,135,247,17925
SUNDERLAND Dylan,6,136,259,17937
MAZZUCCO Fabio,6,137,266,17944
KANGERT Tanel,6,138,271,17949
PUCCIO Salvatore,6,139,287,17965
CARRETERO Héctor,6,140,302,17980
CRADDOCK Lawson,6,141,303,17981
BJERG Mikkel,6,142,303,17981
LONARDI Giovanni,6,143,303,17981
DOWSETT Alex,6,144,305,17983
HOLMES Matthew,6,145,305,17983
MEINTJES Louis,6,146,305,17983
TORRES Albert,6,147,431,18109
WHELAN James,6,148,448,18126
BAIS Mattia,6,149,632,18310
SINKELDAM Ramon,6,150,697,18375
MATHIS Marco,6,151,697,18375
RESTREPO Jhonatan,6,152,697,18375
MORTON Lachlan,6,153,697,18375
KEISSE Iljo,6,154,697,18375
NOVAK Domen,6,155,697,18375
SPREAFICO Matteo,6,156,697,18375
BENEDETTI Cesare,6,157,697,18375
FRAPPORTI Marco,6,158,697,18375
ROTA Lorenzo,6,159,697,18375
VIVIANI Elia,6,160,697,18375
SAGIV Guy,6,161,697,18375
ZANA Filippo,6,162,697,18375
HODEG Álvaro José,6,163,697,18375
BARBIER Rudy,6,164,697,18375
DIBBEN Jonathan,6,165,697,18375
BEVILACQUA Simone,6,166,697,18375
GAMPER Patrick,6,167,697,18375
BRÄNDLE Matthias,6,168,697,18375
GANNA Filippo,5,1,0,21557
KONRAD Patrick,5,2,34,21591
ALMEIDA João,5,3,34,21591
KELDERMAN Wilco,5,4,34,21591
HAMILTON Lucas,5,5,34,21591
HINDLEY Jai,5,6,34,21591
VANHOUCKE Harm,5,7,34,21591
BILBAO Pello,5,8,34,21591
FUGLSANG Jakob,5,9,34,21591
MASNADA Fausto,5,10,34,21591
MAJKA Rafał,5,11,34,21591
NIBALI Vincenzo,5,12,34,21591
POZZOVIVO Domenico,5,13,34,21591
SAMITIER Sergio,5,14,34,21591
KRUIJSWIJK Steven,5,15,34,21591
PERNSTEINER Hermann,5,16,34,21591
HAIG Jack,5,17,34,21591
ZAKARIN Ilnur,5,18,34,21591
GEOGHEGAN HART Tao,5,19,34,21591
YATES Simon,5,20,34,21591
PEDRERO Antonio,5,21,34,21591
OOMEN Sam,5,22,34,21591
FOSS Tobias,5,23,34,21591
KANGERT Tanel,5,24,48,21605
WARBASSE Larry,5,25,48,21605
PARET-PEINTRE Aurélien,5,26,48,21605
BOUWMAN Koen,5,27,48,21605
DOMBROWSKI Joe,5,28,48,21605
FABBRO Matteo,5,29,48,21605
CASTROVIEJO Jonathan,5,30,48,21605
HARPER Chris,5,31,48,21605
FELLINE Fabio,5,32,48,21605
VALTER Attila,5,33,97,21654
MCNULTY Brandon,5,34,134,21691
KNOX James,5,35,134,21691
SWIFT Ben,5,36,172,21729
RODRÍGUEZ Óscar,5,37,210,21767
RUBIO Einer Augusto,5,38,232,21789
ROSSETTO Stéphane,5,39,240,21797
GALLOPIN Tony,5,40,240,21797
VILLELLA Davide,5,41,240,21797
ZARDINI Edoardo,5,42,290,21847
TUSVELD Martijn,5,43,313,21870
DE GENDT Thomas,5,44,351,21908
BRAMBILLA Gianluca,5,45,422,21979
CATALDO Dario,5,46,449,22006
ROTA Lorenzo,5,47,479,22036
CICCONE Giulio,5,48,493,22050
GREGAARD Jonas,5,49,493,22050
TRATNIK Jan,5,50,537,22094
PADUN Mark,5,51,537,22094
KOCHETKOV Pavel,5,52,537,22094
DE LA PARTE Víctor,5,53,537,22094
NAVARRO Daniel,5,54,537,22094
NIBALI Antonio,5,55,537,22094
GHEBREIGZABHIER Amanuel,5,56,537,22094
HÄNNINEN Jaakko,5,57,537,22094
CARRETERO Héctor,5,58,594,22151
GUERREIRO Ruben,5,59,611,22168
ULISSI Diego,5,60,654,22211
MOSCA Jacopo,5,61,654,22211
BERNARD Julien,5,62,654,22211
SERRY Pieter,5,63,654,22211
PUCCIO Salvatore,5,64,654,22211
PFINGSTEN Christoph,5,65,666,22223
HAMILTON Chris,5,66,689,22246
HOWSON Damien,5,67,689,22246
HONORÉ Mikkel Frølich,5,68,780,22337
TOLHOEK Antwan,5,69,780,22337
POLJAŃSKI Paweł,5,70,780,22337
CARBONI Giovanni,5,71,780,22337
NARVÁEZ Jhonatan,5,72,780,22337
BISOLTI Alessandro,5,73,780,22337
TONELLI Alessandro,5,74,780,22337
HAGA Chad,5,75,780,22337
ARMÉE Sander,5,76,780,22337
CAPECCHI Eros,5,77,780,22337
BATTAGLIN Enrico,5,78,900,22457
ROMANO Francesco,5,79,981,22538
BOUCHARD Geoffrey,5,80,994,22551
BIDARD François,5,81,994,22551
HANSEN Jesper,5,82,994,22551
CAICEDO Jonathan Klever,5,83,994,22551
GASTAUER Ben,5,84,994,22551
VENDRAME Andrea,5,85,994,22551
HAGEN Carl Fredrik,5,86,1044,22601
SEPÚLVEDA Eduardo,5,87,1046,22603
DENNIS Rohan,5,88,1094,22651
EDET Nicolas,5,89,1215,22772
LE TURNIER Mathias,5,90,1215,22772
HOLMES Matthew,5,91,1278,22835
CATAFORD Alexander,5,92,1278,22835
ARASHIRO Yukiya,5,93,1278,22835
WYSS Danilo,5,94,1278,22835
SOBRERO Matteo,5,95,1278,22835
NOVAK Domen,5,96,1278,22835
CONTI Valerio,5,97,1278,22835
MARTIN Tony,5,98,1351,22908
VAN EMDEN Jos,5,99,1351,22908
BALLERINI Davide,5,100,1370,22927
OLDANI Stefano,5,101,1370,22927
FIORELLI Filippo,5,102,1370,22927
ZANA Filippo,5,103,1370,22927
CONCI Nicola,5,104,1370,22927
RUMAC Josip,5,105,1370,22927
PELLAUD Simon,5,106,1370,22927
MAŁECKI Kamil,5,107,1370,22927
VISCONTI Giovanni,5,108,1370,22927
RESTREPO Jhonatan,5,109,1370,22927
CLARKE Simon,5,110,1370,22927
BENNETT Sean,5,111,1370,22927
SUNDERLAND Dylan,5,112,1370,22927
GAMPER Patrick,5,113,1370,22927
DENZ Nico,5,114,1370,22927
MATTHEWS Michael,5,115,1370,22927
MEYER Cameron,5,116,1370,22927
ROSSKOPF Joey,5,117,1370,22927
BJERG Mikkel,5,118,1432,22989
FRAPPORTI Marco,5,119,1459,23016
BAIS Mattia,5,120,1483,23040
CEPEDA Jefferson Alexander,5,121,1483,23040
RAVANELLI Simone,5,122,1595,23152
BODNAR Maciej,5,123,1595,23152
SAGAN Peter,5,124,1595,23152
BOARO Manuele,5,125,1595,23152
BENEDETTI Cesare,5,126,1595,23152
CONTRERAS Rodrigo,5,127,1595,23152
MAZZUCCO Fabio,5,128,1605,23162
WHELAN James,5,129,1698,23255
HEPBURN Michael,5,130,1698,23255
DÉMARE Arnaud,5,131,1727,23284
KONOVALOVAS Ignatas,5,132,1727,23284
KEISSE Iljo,5,133,1727,23284
FRANKINY Kilian,5,134,1727,23284
SCOTSON Miles,5,135,1727,23284
ČERNÝ Josef,5,136,1727,23284
SINKELDAM Ramon,5,137,1727,23284
SPREAFICO Matteo,5,138,1727,23284
ZABEL Rick,5,139,1727,23284
GUARNIERI Jacopo,5,140,1727,23284
DOWSETT Alex,5,141,1727,23284
BEVILACQUA Simone,5,142,1727,23284
GRADEK Kamil,5,143,1727,23284
LONARDI Giovanni,5,144,1727,23284
GAVIRIA Fernando,5,145,1727,23284
MOLANO Juan Sebastián,5,146,1727,23284
RICHEZE Maximiliano,5,147,1727,23284
SAGIV Guy,5,148,1727,23284
BARBIER Rudy,5,149,1727,23284
MATHIS Marco,5,150,1727,23284
CIMOLAI Davide,5,151,1727,23284
VIVIANI Elia,5,152,1727,23284
HAAS Nathan,5,153,1727,23284
TORRES Albert,5,154,1727,23284
GUGLIELMI Simon,5,155,1727,23284
BRÄNDLE Matthias,5,156,1727,23284
VAN EMPEL Etienne,5,157,1727,23284
DIBBEN Jonathan,5,158,1727,23284
HANSEN Adam,5,159,1727,23284
CRADDOCK Lawson,5,160,1727,23284
CAMPENAERTS Victor,5,161,1727,23284
MORTON Lachlan,5,162,1727,23284
AFFINI Edoardo,5,163,1727,23284
MEINTJES Louis,5,164,1727,23284
HODEG Álvaro José,5,165,1727,23284
CHIRICO Luca,5,166,1727,23284
BOOKWALTER Brent,5,167,1727,23284
O'CONNOR Ben,5,168,1736,23293
CONSONNI Simone,5,169,1736,23293
DÉMARE Arnaud,4,1,0,12133
SAGAN Peter,4,2,0,12133
BALLERINI Davide,4,3,0,12133
VENDRAME Andrea,4,4,0,12133
VIVIANI Elia,4,5,0,12133
OLDANI Stefano,4,6,0,12133
CIMOLAI Davide,4,7,0,12133
MATTHEWS Michael,4,8,0,12133
FIORELLI Filippo,4,9,0,12133
BATTAGLIN Enrico,4,10,0,12133
RESTREPO Jhonatan,4,11,0,12133
MCNULTY Brandon,4,12,0,12133
BENNETT Sean,4,13,0,12133
ČERNÝ Josef,4,14,0,12133
MOSCA Jacopo,4,15,0,12133
DENZ Nico,4,16,0,12133
GUARNIERI Jacopo,4,17,0,12133
ALMEIDA João,4,18,0,12133
NIBALI Vincenzo,4,19,0,12133
HONORÉ Mikkel Frølich,4,20,0,12133
PARET-PEINTRE Aurélien,4,21,0,12133
BILBAO Pello,4,22,0,12133
ZABEL Rick,4,23,0,12133
KELDERMAN Wilco,4,24,0,12133
MASNADA Fausto,4,25,0,12133
HINDLEY Jai,4,26,0,12133
POZZOVIVO Domenico,4,27,0,12133
PUCCIO Salvatore,4,28,0,12133
FUGLSANG Jakob,4,29,0,12133
KONRAD Patrick,4,30,0,12133
MAJKA Rafał,4,31,0,12133
PFINGSTEN Christoph,4,32,0,12133
CAICEDO Jonathan Klever,4,33,0,12133
O'CONNOR Ben,4,34,0,12133
VANHOUCKE Harm,4,35,0,12133
OOMEN Sam,4,36,0,12133
VAN EMDEN Jos,4,37,0,12133
ULISSI Diego,4,38,0,12133
CONSONNI Simone,4,39,0,12133
WYSS Danilo,4,40,0,12133
SCOTSON Miles,4,41,0,12133
GANNA Filippo,4,42,0,12133
TORRES Albert,4,43,0,12133
TUSVELD Martijn,4,44,0,12133
FELLINE Fabio,4,45,0,12133
KNOX James,4,46,0,12133
PEDRERO Antonio,4,47,0,12133
ZAKARIN Ilnur,4,48,0,12133
KANGERT Tanel,4,49,0,12133
ROSSKOPF Joey,4,50,0,12133
HAGEN Carl Fredrik,4,51,0,12133
KRUIJSWIJK Steven,4,52,0,12133
HAMILTON Lucas,4,53,0,12133
HOWSON Damien,4,54,0,12133
HEPBURN Michael,4,55,0,12133
YATES Simon,4,56,0,12133
DOMBROWSKI Joe,4,57,0,12133
SAMITIER Sergio,4,58,0,12133
WARBASSE Larry,4,59,0,12133
GUERREIRO Ruben,4,60,0,12133
PERNSTEINER Hermann,4,61,0,12133
KOCHETKOV Pavel,4,62,0,12133
BIDARD François,4,63,0,12133
GASTAUER Ben,4,64,0,12133
HÄNNINEN Jaakko,4,65,0,12133
CATALDO Dario,4,66,0,12133
AFFINI Edoardo,4,67,0,12133
CARBONI Giovanni,4,68,0,12133
MEINTJES Louis,4,69,0,12133
HARPER Chris,4,70,0,12133
ARASHIRO Yukiya,4,71,0,12133
SOBRERO Matteo,4,72,0,12133
GEOGHEGAN HART Tao,4,73,0,12133
RAVANELLI Simone,4,74,0,12133
RUMAC Josip,4,75,0,12133
CASTROVIEJO Jonathan,4,76,0,12133
GALLOPIN Tony,4,77,0,12133
ROSSETTO Stéphane,4,78,0,12133
BENEDETTI Cesare,4,79,0,12133
NAVARRO Daniel,4,80,0,12133
DE LA PARTE Víctor,4,81,0,12133
VALTER Attila,4,82,0,12133
ROMANO Francesco,4,83,30,12163
BERNARD Julien,4,84,30,12163
VISCONTI Giovanni,4,85,30,12163
FRAPPORTI Marco,4,86,30,12163
HAGA Chad,4,87,30,12163
CICCONE Giulio,4,88,30,12163
VILLELLA Davide,4,89,30,12163
BOARO Manuele,4,90,30,12163
FRANKINY Kilian,4,91,30,12163
TRATNIK Jan,4,92,30,12163
HAMILTON Chris,4,93,30,12163
RUBIO Einer Augusto,4,94,30,12163
RODRÍGUEZ Óscar,4,95,30,12163
CONTRERAS Rodrigo,4,96,30,12163
HANSEN Jesper,4,97,30,12163
GRADEK Kamil,4,98,30,12163
GHEBREIGZABHIER Amanuel,4,99,30,12163
MARTIN Tony,4,100,30,12163
PADUN Mark,4,101,42,12175
NARVÁEZ Jhonatan,4,102,42,12175
MAŁECKI Kamil,4,103,42,12175
GREGAARD Jonas,4,104,42,12175
FABBRO Matteo,4,105,42,12175
BAIS Mattia,4,106,42,12175
TONELLI Alessandro,4,107,42,12175
BODNAR Maciej,4,108,42,12175
CHIRICO Luca,4,109,42,12175
CONCI Nicola,4,110,42,12175
CEPEDA Jefferson Alexander,4,111,42,12175
CARRETERO Héctor,4,112,42,12175
SUNDERLAND Dylan,4,113,42,12175
BRÄNDLE Matthias,4,114,42,12175
HAAS Nathan,4,115,42,12175
CAPECCHI Eros,4,116,42,12175
PELLAUD Simon,4,117,59,12192
MORTON Lachlan,4,118,59,12192
SEPÚLVEDA Eduardo,4,119,59,12192
MEYER Cameron,4,120,59,12192
FOSS Tobias,4,121,69,12202
TOLHOEK Antwan,4,122,69,12202
SERRY Pieter,4,123,69,12202
POLJAŃSKI Paweł,4,124,85,12218
CATAFORD Alexander,4,125,85,12218
WHELAN James,4,126,85,12218
ZARDINI Edoardo,4,127,106,12239
CLARKE Simon,4,128,106,12239
BOUWMAN Koen,4,129,0,12133
KONOVALOVAS Ignatas,4,130,149,12282
DENNIS Rohan,4,131,157,12290
ARMÉE Sander,4,132,163,12296
DE GENDT Thomas,4,133,163,12296
MATHIS Marco,4,134,163,12296
DOWSETT Alex,4,135,163,12296
BOUCHARD Geoffrey,4,136,163,12296
LONARDI Giovanni,4,137,163,12296
SINKELDAM Ramon,4,138,163,12296
BRAMBILLA Gianluca,4,139,163,12296
BEVILACQUA Simone,4,140,163,12296
GAMPER Patrick,4,141,163,12296
NIBALI Antonio,4,142,163,12296
KEISSE Iljo,4,143,163,12296
GAVIRIA Fernando,4,144,163,12296
HOLMES Matthew,4,145,163,12296
HODEG Álvaro José,4,146,163,12296
WEENING Pieter,4,147,163,12296
CAMPENAERTS Victor,4,148,163,12296
GUGLIELMI Simon,4,149,163,12296
ROTA Lorenzo,4,150,201,12334
CRADDOCK Lawson,4,151,221,12354
HAIG Jack,4,152,230,12363
MOLANO Juan Sebastián,4,153,322,12455
RICHEZE Maximiliano,4,154,322,12455
BJERG Mikkel,4,155,327,12460
CONTI Valerio,4,156,327,12460
ZANA Filippo,4,157,385,12518
BISOLTI Alessandro,4,158,385,12518
NOVAK Domen,4,159,389,12522
MAZZUCCO Fabio,4,160,418,12551
BOOKWALTER Brent,4,161,431,12564
SPREAFICO Matteo,4,162,449,12582
HANSEN Adam,4,163,498,12631
LE TURNIER Mathias,4,164,503,12636
SAGIV Guy,4,165,685,12818
EDET Nicolas,4,166,685,12818
DIBBEN Jonathan,4,167,685,12818
SWIFT Ben,4,168,685,12818
BARBIER Rudy,4,169,685,12818
THOMAS Benjamin,4,170,692,12825
VAN EMPEL Etienne,4,171,322,12455
WACKERMANN Luca,4,172,322,12455
CAICEDO Jonathan Klever,3,1,0,14553
VISCONTI Giovanni,3,2,21,14574
VANHOUCKE Harm,3,3,30,14583
KELDERMAN Wilco,3,4,39,14592
FUGLSANG Jakob,3,5,51,14604
MAJKA Rafał,3,6,51,14604
NIBALI Vincenzo,3,7,51,14604
CASTROVIEJO Jonathan,3,8,51,14604
POZZOVIVO Domenico,3,9,51,14604
KRUIJSWIJK Steven,3,10,56,14609
ALMEIDA João,3,11,63,14616
BILBAO Pello,3,12,63,14616
PEDRERO Antonio,3,13,83,14636
KONRAD Patrick,3,14,89,14642
PERNSTEINER Hermann,3,15,89,14642
MASNADA Fausto,3,16,91,14644
SAMITIER Sergio,3,17,97,14650
MEINTJES Louis,3,18,97,14650
HINDLEY Jai,3,19,97,14650
MCNULTY Brandon,3,20,97,14650
ZAKARIN Ilnur,3,21,97,14650
KNOX James,3,22,112,14665
BRAMBILLA Gianluca,3,23,131,14684
GEOGHEGAN HART Tao,3,24,153,14706
HAMILTON Lucas,3,25,168,14721
CARBONI Giovanni,3,26,198,14751
ROSSETTO Stéphane,3,27,203,14756
PARET-PEINTRE Aurélien,3,28,222,14775
BOUWMAN Koen,3,29,257,14810
HAIG Jack,3,30,262,14815
YATES Simon,3,31,262,14815
GALLOPIN Tony,3,32,262,14815
HÄNNINEN Jaakko,3,33,262,14815
BOUCHARD Geoffrey,3,34,262,14815
NIBALI Antonio,3,35,262,14815
TUSVELD Martijn,3,36,299,14852
HARPER Chris,3,37,299,14852
NAVARRO Daniel,3,38,332,14885
RODRÍGUEZ Óscar,3,39,348,14901
KANGERT Tanel,3,40,355,14908
DOMBROWSKI Joe,3,41,390,14943
ARMÉE Sander,3,42,459,15012
HAGEN Carl Fredrik,3,43,459,15012
FRANKINY Kilian,3,44,459,15012
GUERREIRO Ruben,3,45,459,15012
SWIFT Ben,3,46,459,15012
CONCI Nicola,3,47,459,15012
WARBASSE Larry,3,48,459,15012
VALTER Attila,3,49,463,15016
OOMEN Sam,3,50,500,15053
O'CONNOR Ben,3,51,510,15063
FABBRO Matteo,3,52,595,15148
BJERG Mikkel,3,53,595,15148
ROSSKOPF Joey,3,54,601,15154
GHEBREIGZABHIER Amanuel,3,55,615,15168
HOLMES Matthew,3,56,654,15207
BERNARD Julien,3,57,694,15247
CICCONE Giulio,3,58,694,15247
HANSEN Jesper,3,59,694,15247
GREGAARD Jonas,3,60,694,15247
VILLELLA Davide,3,61,694,15247
DE LA PARTE Víctor,3,62,694,15247
KOCHETKOV Pavel,3,63,694,15247
RAVANELLI Simone,3,64,694,15247
SERRY Pieter,3,65,694,15247
POLJAŃSKI Paweł,3,66,694,15247
FELLINE Fabio,3,67,694,15247
PUCCIO Salvatore,3,68,739,15292
THOMAS Geraint,3,69,739,15292
HONORÉ Mikkel Frølich,3,70,739,15292
MOSCA Jacopo,3,71,739,15292
CEPEDA Jefferson Alexander,3,72,739,15292
BATTAGLIN Enrico,3,73,739,15292
PADUN Mark,3,74,739,15292
GASTAUER Ben,3,75,739,15292
PFINGSTEN Christoph,3,76,739,15292
WACKERMANN Luca,3,77,739,15292
BIDARD François,3,78,739,15292
RUBIO Einer Augusto,3,79,849,15402
HOWSON Damien,3,80,849,15402
WEENING Pieter,3,81,849,15402
CATALDO Dario,3,82,926,15479
CONTI Valerio,3,83,926,15479
HAGA Chad,3,84,968,15521
FOSS Tobias,3,85,968,15521
DE GENDT Thomas,3,86,968,15521
TOLHOEK Antwan,3,87,979,15532
ULISSI Diego,3,88,987,15540
SEPÚLVEDA Eduardo,3,89,1052,15605
BOARO Manuele,3,90,1087,15640
ZANA Filippo,3,91,1089,15642
RUMAC Josip,3,92,1089,15642
TRATNIK Jan,3,93,1089,15642
ROTA Lorenzo,3,94,1089,15642
ZARDINI Edoardo,3,95,1129,15682
DENNIS Rohan,3,96,1147,15700
GANNA Filippo,3,97,1187,15740
SOBRERO Matteo,3,98,1187,15740
VENDRAME Andrea,3,99,1187,15740
TONELLI Alessandro,3,100,1187,15740
CHIRICO Luca,3,101,1187,15740
CARRETERO Héctor,3,102,1187,15740
CATAFORD Alexander,3,103,1187,15740
ROMANO Francesco,3,104,1187,15740
CRADDOCK Lawson,3,105,1187,15740
CLARKE Simon,3,106,1187,15740
HAMILTON Chris,3,107,1223,15776
PELLAUD Simon,3,108,1289,15842
WYSS Danilo,3,109,1289,15842
CONTRERAS Rodrigo,3,110,1289,15842
LE TURNIER Mathias,3,111,1289,15842
BAIS Mattia,3,112,1289,15842
MORTON Lachlan,3,113,1289,15842
ARASHIRO Yukiya,3,114,1289,15842
CAMPENAERTS Victor,3,115,1418,15971
WHELAN James,3,116,1488,16041
MARTIN Tony,3,117,1488,16041
SPREAFICO Matteo,3,118,1488,16041
CAPECCHI Eros,3,119,1488,16041
MAŁECKI Kamil,3,120,1488,16041
EDET Nicolas,3,121,1488,16041
NOVAK Domen,3,122,1488,16041
FRAPPORTI Marco,3,123,1488,16041
BEVILACQUA Simone,3,124,1488,16041
NARVÁEZ Jhonatan,3,125,1488,16041
SUNDERLAND Dylan,3,126,1488,16041
BISOLTI Alessandro,3,127,1488,16041
SCOTSON Miles,3,128,1488,16041
RESTREPO Jhonatan,3,129,1488,16041
MEYER Cameron,3,130,1488,16041
BENNETT Sean,3,131,1488,16041
HANSEN Adam,3,132,1488,16041
ČERNÝ Josef,3,133,1488,16041
BENEDETTI Cesare,3,134,1488,16041
VAN EMPEL Etienne,3,135,1488,16041
OLDANI Stefano,3,136,1512,16065
BALLERINI Davide,3,137,1512,16065
MAZZUCCO Fabio,3,138,1512,16065
MATTHEWS Michael,3,139,1512,16065
SAGAN Peter,3,140,1512,16065
BODNAR Maciej,3,141,1512,16065
GRADEK Kamil,3,142,1512,16065
FIORELLI Filippo,3,143,1823,16376
MATHIS Marco,3,144,1823,16376
HAAS Nathan,3,145,1823,16376
DOWSETT Alex,3,146,1823,16376
VIVIANI Elia,3,147,1823,16376
GAVIRIA Fernando,3,148,1823,16376
DIBBEN Jonathan,3,149,1823,16376
VAN EMDEN Jos,3,150,1823,16376
SINKELDAM Ramon,3,151,1823,16376
SAGIV Guy,3,152,1823,16376
LONARDI Giovanni,3,153,1823,16376
GAMPER Patrick,3,154,1823,16376
BRÄNDLE Matthias,3,155,1823,16376
MOLANO Juan Sebastián,3,156,1823,16376
RICHEZE Maximiliano,3,157,1823,16376
ZABEL Rick,3,158,1823,16376
DENZ Nico,3,159,1823,16376
KEISSE Iljo,3,160,1823,16376
HODEG Álvaro José,3,161,1823,16376
CIMOLAI Davide,3,162,1823,16376
BOOKWALTER Brent,3,163,1823,16376
CONSONNI Simone,3,164,1823,16376
GUARNIERI Jacopo,3,165,1823,16376
GUGLIELMI Simon,3,166,1823,16376
DÉMARE Arnaud,3,167,1823,16376
TORRES Albert,3,168,1823,16376
KONOVALOVAS Ignatas,3,169,1823,16376
AFFINI Edoardo,3,170,1823,16376
THOMAS Benjamin,3,171,1884,16437
BARBIER Rudy,3,172,1906,16459
HEPBURN Michael,3,173,1937,16490
ULISSI Diego,2,1,0,12298
SAGAN Peter,2,2,0,12298
HONORÉ Mikkel Frølich,2,3,0,12298
MATTHEWS Michael,2,4,5,12303
WACKERMANN Luca,2,5,5,12303
ALMEIDA João,2,6,5,12303
BRAMBILLA Gianluca,2,7,5,12303
NIBALI Vincenzo,2,8,5,12303
BILBAO Pello,2,9,5,12303
HAMILTON Lucas,2,10,5,12303
THOMAS Geraint,2,11,5,12303
FUGLSANG Jakob,2,12,5,12303
VENDRAME Andrea,2,13,5,12303
POZZOVIVO Domenico,2,14,5,12303
SOBRERO Matteo,2,15,5,12303
KRUIJSWIJK Steven,2,16,5,12303
MAJKA Rafał,2,17,5,12303
FOSS Tobias,2,18,5,12303
YATES Simon,2,19,5,12303
KONRAD Patrick,2,20,5,12303
GUERREIRO Ruben,2,21,5,12303
MASNADA Fausto,2,22,5,12303
TRATNIK Jan,2,23,5,12303
HAIG Jack,2,24,5,12303
KELDERMAN Wilco,2,25,5,12303
ZAKARIN Ilnur,2,26,5,12303
MCNULTY Brandon,2,27,5,12303
GALLOPIN Tony,2,28,5,12303
KNOX James,2,29,5,12303
HINDLEY Jai,2,30,5,12303
VANHOUCKE Harm,2,31,5,12303
OOMEN Sam,2,32,5,12303
KANGERT Tanel,2,33,5,12303
CATALDO Dario,2,34,5,12303
PEDRERO Antonio,2,35,5,12303
HANSEN Jesper,2,36,5,12303
MOSCA Jacopo,2,37,5,12303
HAGEN Carl Fredrik,2,38,5,12303
CAPECCHI Eros,2,39,5,12303
O'CONNOR Ben,2,40,5,12303
SAMITIER Sergio,2,41,5,12303
MEINTJES Louis,2,42,5,12303
GANNA Filippo,2,43,5,12303
VALTER Attila,2,44,5,12303
ČERNÝ Josef,2,45,5,12303
CLARKE Simon,2,46,5,12303
PARET-PEINTRE Aurélien,2,47,5,12303
SEPÚLVEDA Eduardo,2,48,5,12303
CARBONI Giovanni,2,49,5,12303
GEOGHEGAN HART Tao,2,50,5,12303
NAVARRO Daniel,2,51,5,12303
HARPER Chris,2,52,5,12303
CONTI Valerio,2,53,5,12303
FABBRO Matteo,2,54,5,12303
DE LA PARTE Víctor,2,55,5,12303
WARBASSE Larry,2,56,5,12303
VILLELLA Davide,2,57,5,12303
PERNSTEINER Hermann,2,58,5,12303
ROSSKOPF Joey,2,59,22,12320
GHEBREIGZABHIER Amanuel,2,60,22,12320
CAICEDO Jonathan Klever,2,61,30,12328
DOMBROWSKI Joe,2,62,30,12328
CONCI Nicola,2,63,43,12341
CATAFORD Alexander,2,64,45,12343
SERRY Pieter,2,65,45,12343
RUBIO Einer Augusto,2,66,47,12345
NIBALI Antonio,2,67,47,12345
POLJAŃSKI Paweł,2,68,50,12348
BOUWMAN Koen,2,69,50,12348
BIDARD François,2,70,50,12348
ROMANO Francesco,2,71,50,12348
HAMILTON Chris,2,72,50,12348
KOCHETKOV Pavel,2,73,50,12348
CONSONNI Simone,2,74,55,12353
CHIRICO Luca,2,75,57,12355
TUSVELD Martijn,2,76,67,12365
RAVANELLI Simone,2,77,75,12373
RUMAC Josip,2,78,75,12373
ARMÉE Sander,2,79,81,12379
HAAS Nathan,2,80,88,12386
ZABEL Rick,2,81,88,12386
PFINGSTEN Christoph,2,82,88,12386
ROTA Lorenzo,2,83,96,12394
ROSSETTO Stéphane,2,84,96,12394
NARVÁEZ Jhonatan,2,85,96,12394
WYSS Danilo,2,86,98,12396
SCOTSON Miles,2,87,98,12396
BALLERINI Davide,2,88,103,12401
CARRETERO Héctor,2,89,106,12404
CICCONE Giulio,2,90,108,12406
HÄNNINEN Jaakko,2,91,110,12408
RESTREPO Jhonatan,2,92,110,12408
VISCONTI Giovanni,2,93,112,12410
CEPEDA Jefferson Alexander,2,94,115,12413
MAŁECKI Kamil,2,95,136,12434
HOWSON Damien,2,96,139,12437
FRAPPORTI Marco,2,97,157,12455
ZARDINI Edoardo,2,98,157,12455
FRANKINY Kilian,2,99,157,12455
FIORELLI Filippo,2,100,157,12455
PADUN Mark,2,101,157,12455
OLDANI Stefano,2,102,171,12469
GASTAUER Ben,2,103,171,12469
WEENING Pieter,2,104,191,12489
BOARO Manuele,2,105,203,12501
BATTAGLIN Enrico,2,106,204,12502
SPREAFICO Matteo,2,107,236,12534
PELLAUD Simon,2,108,236,12534
BAIS Mattia,2,109,236,12534
CRADDOCK Lawson,2,110,236,12534
ARASHIRO Yukiya,2,111,236,12534
MEYER Cameron,2,112,240,12538
SINKELDAM Ramon,2,113,240,12538
DÉMARE Arnaud,2,114,240,12538
GUGLIELMI Simon,2,115,240,12538
GRADEK Kamil,2,116,240,12538
LONARDI Giovanni,2,117,240,12538
NOVAK Domen,2,118,240,12538
BENNETT Sean,2,119,240,12538
BODNAR Maciej,2,120,245,12543
CONTRERAS Rodrigo,2,121,245,12543
VIVIANI Elia,2,122,252,12550
GREGAARD Jonas,2,123,254,12552
HANSEN Adam,2,124,264,12562
MORTON Lachlan,2,125,264,12562
HOLMES Matthew,2,126,264,12562
BERNARD Julien,2,127,269,12567
BARBIER Rudy,2,128,269,12567
HAGA Chad,2,129,278,12576
THOMAS Benjamin,2,130,280,12578
GAVIRIA Fernando,2,131,287,12585
SWIFT Ben,2,132,291,12589
KONOVALOVAS Ignatas,2,133,293,12591
SUNDERLAND Dylan,2,134,293,12591
MAZZUCCO Fabio,2,135,293,12591
CAMPENAERTS Victor,2,136,293,12591
TONELLI Alessandro,2,137,293,12591
BOUCHARD Geoffrey,2,138,293,12591
ZANA Filippo,2,139,293,12591
GUARNIERI Jacopo,2,140,293,12591
BEVILACQUA Simone,2,141,293,12591
SAGIV Guy,2,142,293,12591
LE TURNIER Mathias,2,143,293,12591
MATHIS Marco,2,144,293,12591
TOLHOEK Antwan,2,145,293,12591
BRÄNDLE Matthias,2,146,293,12591
FELLINE Fabio,2,147,293,12591
BENEDETTI Cesare,2,148,293,12591
DIBBEN Jonathan,2,149,359,12657
HEPBURN Michael,2,150,359,12657
DOWSETT Alex,2,151,359,12657
KEISSE Iljo,2,152,359,12657
MOLANO Juan Sebastián,2,153,359,12657
RICHEZE Maximiliano,2,154,359,12657
HODEG Álvaro José,2,155,359,12657
CASTROVIEJO Jonathan,2,156,362,12660
TORRES Albert,2,157,362,12660
VAN EMDEN Jos,2,158,387,12685
BISOLTI Alessandro,2,159,391,12689
WHELAN James,2,160,397,12695
VAN EMPEL Etienne,2,161,397,12695
PUCCIO Salvatore,2,162,403,12701
CIMOLAI Davide,2,163,403,12701
RODRÍGUEZ Óscar,2,164,426,12724
GAMPER Patrick,2,165,446,12744
AFFINI Edoardo,2,166,446,12744
EDET Nicolas,2,167,448,12746
DE GENDT Thomas,2,168,459,12757
DENNIS Rohan,2,169,460,12758
MARTIN Tony,2,170,460,12758
BJERG Mikkel,2,171,478,12776
DENZ Nico,2,172,733,13031
BOOKWALTER Brent,2,173,999,13297
GANNA Filippo,1,1,0,924
ALMEIDA João,1,2,22,946
BJERG Mikkel,1,3,22,946
THOMAS Geraint,1,4,23,947
FOSS Tobias,1,5,31,955
ČERNÝ Josef,1,6,36,960
SOBRERO Matteo,1,7,40,964
CRADDOCK Lawson,1,8,41,965
SCOTSON Miles,1,9,42,966
BRÄNDLE Matthias,1,10,42,966
TRATNIK Jan,1,11,42,966
VAN EMDEN Jos,1,12,42,966
HAGA Chad,1,13,44,968
HEPBURN Michael,1,14,44,968
DENNIS Rohan,1,15,48,972
TUSVELD Martijn,1,16,48,972
YATES Simon,1,17,49,973
KANGERT Tanel,1,18,49,973
GRADEK Kamil,1,19,50,974
SERRY Pieter,1,20,51,975
DENZ Nico,1,21,55,979
HAMILTON Chris,1,22,55,979
MATTHEWS Michael,1,23,58,982
MCNULTY Brandon,1,24,59,983
BILBAO Pello,1,25,59,983
O'CONNOR Ben,1,26,60,984
DE GENDT Thomas,1,27,62,986
HARPER Chris,1,28,63,987
WARBASSE Larry,1,29,64,988
MOSCA Jacopo,1,30,64,988
GALLOPIN Tony,1,31,64,988
BALLERINI Davide,1,32,66,990
WHELAN James,1,33,66,990
BENNETT Sean,1,34,66,990
CASTROVIEJO Jonathan,1,35,66,990
CAMPENAERTS Victor,1,36,67,991
HONORÉ Mikkel Frølich,1,37,68,992
ULISSI Diego,1,38,69,993
SINKELDAM Ramon,1,39,69,993
CAICEDO Jonathan Klever,1,40,70,994
OOMEN Sam,1,41,71,995
FELLINE Fabio,1,42,73,997
KNOX James,1,43,73,997
BODNAR Maciej,1,44,73,997
POLJAŃSKI Paweł,1,45,75,999
HINDLEY Jai,1,46,75,999
PFINGSTEN Christoph,1,47,76,1000
BOOKWALTER Brent,1,48,78,1002
HAMILTON Lucas,1,49,78,1002
GAVIRIA Fernando,1,50,79,1003
GAMPER Patrick,1,51,79,1003
BENEDETTI Cesare,1,52,79,1003
CONTI Valerio,1,53,79,1003
VLASOV Aleksandr,1,54,80,1004
BOUWMAN Koen,1,55,80,1004
BOARO Manuele,1,56,80,1004
BRAMBILLA Gianluca,1,57,81,1005
GASTAUER Ben,1,58,82,1006
MARTIN Tony,1,59,82,1006
WYSS Danilo,1,60,82,1006
RODRÍGUEZ Óscar,1,61,82,1006
KONRAD Patrick,1,62,82,1006
FABBRO Matteo,1,63,83,1007
DOMBROWSKI Joe,1,64,85,1009
ZAKARIN Ilnur,1,65,86,1010
MASNADA Fausto,1,66,86,1010
SWIFT Ben,1,67,88,1012
KELDERMAN Wilco,1,68,88,1012
NIBALI Vincenzo,1,69,89,1013
GHEBREIGZABHIER Amanuel,1,70,89,1013
MORTON Lachlan,1,71,89,1013
MATHIS Marco,1,72,91,1015
CONTRERAS Rodrigo,1,73,91,1015
POZZOVIVO Domenico,1,74,93,1017
BAIS Mattia,1,75,93,1017
THOMAS Benjamin,1,76,94,1018
SEPÚLVEDA Eduardo,1,77,94,1018
ROSSKOPF Joey,1,78,94,1018
CARRETERO Héctor,1,79,94,1018
MOLANO Juan Sebastián,1,80,95,1019
NARVÁEZ Jhonatan,1,81,95,1019
AFFINI Edoardo,1,82,96,1020
RUMAC Josip,1,83,96,1020
CAPECCHI Eros,1,84,97,1021
GUERREIRO Ruben,1,85,97,1021
MEYER Cameron,1,86,98,1022
PERNSTEINER Hermann,1,87,98,1022
RICHEZE Maximiliano,1,88,99,1023
CATALDO Dario,1,89,100,1024
VALTER Attila,1,90,100,1024
FRANKINY Kilian,1,91,100,1024
DÉMARE Arnaud,1,92,100,1024
OLDANI Stefano,1,93,102,1026
DOWSETT Alex,1,94,102,1026
HAIG Jack,1,95,102,1026
KRUIJSWIJK Steven,1,96,104,1028
PUCCIO Salvatore,1,97,105,1029
RAVANELLI Simone,1,98,105,1029
HOWSON Damien,1,99,107,1031
FUGLSANG Jakob,1,100,107,1031
PELLAUD Simon,1,101,107,1031
CLARKE Simon,1,102,107,1031
KEISSE Iljo,1,103,107,1031
MEINTJES Louis,1,104,107,1031
CONCI Nicola,1,105,109,1033
SAGAN Peter,1,106,110,1034
KONOVALOVAS Ignatas,1,107,111,1035
VANHOUCKE Harm,1,108,112,1036
PEDRERO Antonio,1,109,112,1036
KOCHETKOV Pavel,1,110,113,1037
WACKERMANN Luca,1,111,113,1037
FRAPPORTI Marco,1,112,113,1037
LE TURNIER Mathias,1,113,114,1038
PARET-PEINTRE Aurélien,1,114,114,1038
ARASHIRO Yukiya,1,115,114,1038
SAMITIER Sergio,1,116,114,1038
NAVARRO Daniel,1,117,117,1041
SAGIV Guy,1,118,117,1041
GUARNIERI Jacopo,1,119,118,1042
ROSSETTO Stéphane,1,120,119,1043
ZABEL Rick,1,121,119,1043
MAJKA Rafał,1,122,120,1044
BIDARD François,1,123,120,1044
CATAFORD Alexander,1,124,123,1047
GREGAARD Jonas,1,125,123,1047
GEOGHEGAN HART Tao,1,126,124,1048
ROTA Lorenzo,1,127,125,1049
VENDRAME Andrea,1,128,126,1050
HAGEN Carl Fredrik,1,129,127,1051
ZARDINI Edoardo,1,130,127,1051
MAŁECKI Kamil,1,131,129,1053
PADUN Mark,1,132,131,1055
BATTAGLIN Enrico,1,133,131,1055
TORRES Albert,1,134,131,1055
SPREAFICO Matteo,1,135,131,1055
BARBIER Rudy,1,136,132,1056
ARMÉE Sander,1,137,132,1056
HOLMES Matthew,1,138,132,1056
DIBBEN Jonathan,1,139,132,1056
DE LA PARTE Víctor,1,140,132,1056
BOUCHARD Geoffrey,1,141,133,1057
NOVAK Domen,1,142,134,1058
HANSEN Jesper,1,143,134,1058
ZANA Filippo,1,144,134,1058
CICCONE Giulio,1,145,135,1059
CONSONNI Simone,1,146,138,1062
NIBALI Antonio,1,147,139,1063
TOLHOEK Antwan,1,148,140,1064
RUBIO Einer Augusto,1,149,140,1064
BISOLTI Alessandro,1,150,141,1065
WEENING Pieter,1,151,141,1065
TONELLI Alessandro,1,152,142,1066
VIVIANI Elia,1,153,143,1067
CARBONI Giovanni,1,154,152,1076
MAZZUCCO Fabio,1,155,155,1079
VISCONTI Giovanni,1,156,155,1079
BERNARD Julien,1,157,156,1080
SUNDERLAND Dylan,1,158,160,1084
HANSEN Adam,1,159,162,1086
LONARDI Giovanni,1,160,163,1087
BEVILACQUA Simone,1,161,164,1088
VAN EMPEL Etienne,1,162,167,1091
ROMANO Francesco,1,163,167,1091
HODEG Álvaro José,1,164,167,1091
CIMOLAI Davide,1,165,169,1093
HÄNNINEN Jaakko,1,166,172,1096
VILLELLA Davide,1,167,174,1098
CEPEDA Jefferson Alexander,1,168,176,1100
GUGLIELMI Simon,1,169,179,1103
RESTREPO Jhonatan,1,170,180,1104
HAAS Nathan,1,171,192,1116
EDET Nicolas,1,172,210,1134
FIORELLI Filippo,1,173,233,1157
CHIRICO Luca,1,174,240,1164
